time,kanaaldijk_LAeq,tijnmuiden_LAeq,van_essenweg24_1_5mt_LAeq,van_essenweg2_5mtr_LAeq,van_essenweg2_1_5mtr_LAeq,van_essenweg24_5mtr_LAeq,zijkanaal_f_LAeq,zijkanaal_f_1_5mtr_LAeq,scharenburg_LAeq,haarlemmerweg_719_LAeq,teding_van_berkhout_LAeq,westpoortweg_2_LAeq,doblijn_LAeq,doblijn_LAeq,westpoortweg_1_LAeq,herwijk_LAeq,droompark_LAeq,foh_LAeq,kanaaldijk_LCeq,tijnmuiden_LCeq,van_essenweg24_1_5mt_LCeq,van_essenweg2_5mtr_LCeq,van_essenweg2_1_5mtr_LCeq,van_essenweg24_5mtr_LCeq,zijkanaal_f_LCeq,zijkanaal_f_1_5mtr_LCeq,scharenburg_LCeq,haarlemmerweg_719_LCeq,teding_van_berkhout_LCeq,westpoortweg_2_LCeq,doblijn_LCeq,westpoortweg_1_LCeq,herwijk_LCeq,droompark_LCeq,foh_LCeq
,65.8,62.4,62.4,70.5,53.8,57.5,64.55,67.39,72.67,62.43,62.83,62.09,63.12,65.69,63.27,72.86,69.05,62.13,71.4,68.9,72.5,65.5,64.8,76.5
11:39,57.3,62.17,51.11,52.26,50.71,52.84,57.69,54.97,61.83,66.27,52.56,67.2,61.9,61.9,67.8,52.5,58.4,66.39,64.94,73.28,62.09,61.64,61.3,62.55,64.67,61.44,71.44,69.95,59.37,72.9,68.8,69,65.3,64.7,76.86
11:42,58.95,61.03,49.03,52.45,51.24,51.23,57.62,55.37,65.55,66.18,52.2,67,61.3,61.3,71.3,54.8,63.8,68.11,66.81,73.54,61.68,61.39,60.62,61.51,64.97,62.1,73.06,69.95,61.71,72.8,68.2,73,66.9,70.3,77.76
11:44,59.46,66.63,48.55,53.56,52.34,50.62,58.91,56.69,67.29,66.07,55.7,69.5,62.3,62.3,73,55.3,64.5,68.26,66.84,75.06,62.24,61.51,60.95,64.21,65.54,63,75.97,70.23,64.71,74.4,68.6,74.1,65.4,71,77.48
11:47,58.15,62.75,50.44,54.64,52.94,51.85,57.57,55.25,64.54,66.04,53.33,69.5,63.6,63.6,71.7,54.9,65,67.88,66.21,75.62,64.54,63.69,63.53,66.8,65.12,62.44,74.6,70.74,64.08,74.1,70.2,73.1,65.6,71.5,76.54
11:49,59.56,62.02,49.31,53.89,52.59,51.02,56.23,53.7,63.16,67.6,53.22,69.2,62.6,62.6,71.6,54.2,65.2,66.05,66.57,73.18,65.78,61.68,61.98,68.15,66.06,63.41,72.91,70.06,62.67,73.1,69.7,72.4,66.2,71.6,75.4
11:52,59.85,62.36,49.97,53.11,51.72,53.42,56.4,54.43,62.7,68.33,53.76,68.2,62.6,62.6,72.4,55.9,61.2,68.14,67.39,75.74,67.12,62.23,62.06,68.47,65.05,62.59,72.23,73.88,62.38,73.3,71.1,73,67.1,67.4,76.2
11:54,60.83,62.82,50.51,52.95,51.38,53.99,56.95,54.55,70.5,67.65,52.65,70.1,62.6,62.6,72.4,58.4,66,68.79,69.43,73.33,66.94,61.82,61.2,68.03,65.27,62.03,76.21,70.62,60.46,73.7,68.3,73.3,67.7,72.1,76.17
11:57,61.84,63.16,50.23,52.55,51.33,52.56,49.21,46.38,63.63,65.86,50.05,66.4,63.4,63.4,72,57,64.6,67.52,69.66,71.48,67.44,62.4,62.02,67.64,64.86,62.17,72.33,68.9,60.08,71.4,69.1,72.6,66.8,71.2,75.08
11:59,60.83,62.25,48.93,51.78,50.05,51.24,54.01,56.58,66.83,66.97,48.88,68.9,63,63,73,53.9,62.7,68.05,68.45,71.69,66.86,62.65,62.49,67.42,58.29,57.86,76.21,69.65,58.47,73.5,69.6,73.9,64.2,69.3,76.35
12:02,59.26,64.32,50.93,53.66,52.89,52.61,52.58,51.71,67.23,66.36,52.05,70.9,63,63,72.2,54.8,54.2,84.05,66.97,74.4,70.74,65.97,65.99,70.45,64.9,63,78.56,69.49,62.95,75.8,70.1,74.7,66.4,63.3,103.73
12:04,60.77,63.86,51.24,53.46,52.34,52.49,53.27,53.41,69.36,64.92,50.57,71.2,63.4,63.4,72.4,56.6,55.6,89.19,70.06,77.35,73.41,67.09,67.42,70.45,66.58,64.41,81.7,68.42,61.31,77.7,71.9,73.7,69,64,108.28
12:07,60.81,64.92,52.28,52.44,51.04,53.66,49,47.42,70.54,66.48,49.86,70.8,63.8,63.8,70.8,57.4,57,91.32,68.2,79.54,73.31,66.75,66.38,72.27,65.77,60.19,82.33,69.16,58.9,78.4,72,71.9,69.1,62.2,110.11
12:09,60.57,66.46,52.8,52.82,51.26,53.59,49.57,47.47,73.23,67.82,47.6,70.9,64.7,64.7,70,55.9,54.9,92.87,68.9,80.12,73.98,66.38,66.02,72.45,64.59,60.24,84.53,73.61,59.1,78.5,71.6,71.3,68.3,58.2,111.09
12:12,61.47,64.84,52.09,53.09,51.54,53.5,51.24,49.69,71.9,69.41,51.35,71.3,63.7,63.7,70.8,54.8,53.6,93.7,71.39,77.74,72.45,66.92,66.19,71.51,64.3,60.53,80.15,75.1,61.32,76.8,72.6,71.8,66.4,58.4,110.39
12:14,60.47,65.6,51.5,53.34,51.99,52.82,54.56,54.24,70.46,66.87,50.67,69.1,64.7,64.7,72.1,55.1,55.2,92.81,70.18,77.88,70.54,66.29,65.38,70.49,64.88,61.92,79.87,70.95,61.65,76,71.9,73.1,65.4,62.7,108.27
12:17,61.11,64.56,58.53,52.95,51.51,55.1,56.29,56.33,68.96,66.87,51.68,70,63.6,63.6,71.7,56.8,55.5,90.2,70.08,75.91,71.34,65.93,65.68,69.64,66.48,65.16,78.61,70.98,61.83,75.8,70.3,72.4,67,61.6,107.42
12:19,59.93,65.54,53.25,54.51,52.99,54.5,53.8,55.11,70.9,66.59,52.16,70.9,64,64,70,63.9,53.7,90.97,67.32,78.87,74.02,68.17,67.97,73.01,63.28,61.46,80.91,69.21,61.03,78.6,72.6,71.2,72.8,57.2,109.22
12:22,58.97,64.2,52.24,53.29,52.58,54.15,51.68,52.04,69.84,66.45,52.27,69.8,62,62,67.9,56.3,54.3,91.78,67.03,79.46,72.52,65.17,65.27,71.43,59.48,57.03,78.83,69.03,62.09,76.1,70.8,70.4,67.3,58.1,108.93
12:24,59.53,63.59,55.96,52.18,50.95,53.48,53.08,54.94,67.72,67.45,47.02,66.6,62.4,62.4,66.8,56.1,53.2,89.47,66.76,77.28,72.22,65.21,65.37,70.2,58.62,57.39,78.51,69.88,58.83,74.7,69.7,68.2,67,56.2,105.95
12:27,60.68,63.22,52.95,52.63,51.15,53.06,50.4,48.22,66.52,66.61,50.57,69.8,62.3,62.3,74.5,59.1,53.3,87.26,68.24,76.98,71.34,65.23,65.08,69.93,60.56,58.73,78.94,69.93,59.49,75,70.6,76.5,67.6,58.6,105.98
12:29,60.54,69.45,53.7,52.48,51.25,53.14,51.03,49.05,70.1,65.64,50.17,72.1,62.9,62.9,73.4,58.6,55.3,87.75,68.53,79.14,70.55,65.87,65.89,69.99,59.08,58.06,79.12,68.51,59.83,77.5,71.1,75.5,67.1,60.2,106.65
12:32,60.85,64.31,56.18,52.75,51.07,54.2,49.69,46.88,69.33,66.33,47.82,69.5,63.2,63.2,71,57.2,55.1,89.25,69.12,77.3,72.08,66.37,65.83,70.73,61.95,59.58,79.75,68.81,57.13,76.1,71.3,72.5,67.2,58.8,108.05
12:34,59.16,64.04,55.24,53.1,51.76,54.68,49.42,47.15,70.7,66.99,50.37,70.2,63.3,63.3,71.8,55,54.6,90.49,67.68,77.34,72.71,66.64,66.03,70.48,60.22,57.22,80.08,70.25,58.78,76.3,70.8,74.3,65,59.6,108.86
12:37,61.9,65.15,56.8,53.1,51.63,56.15,49.55,46.54,71.76,65.38,53,71.3,63.2,63.2,73.4,55.1,53.7,91.66,69.67,79.63,74.91,67.86,67.55,73.15,61.39,57.52,81.48,67.69,60.35,77.9,72.4,75.6,65.9,58.7,110.45
12:39,60.81,69.77,56.28,52.11,50.5,55.4,49.44,46.76,72.43,64.26,47.82,70.8,64.2,64.2,71.8,56,53,93.04,67.75,78.23,72.42,65.06,65.26,70.71,60.25,56.5,79.46,66.87,56.22,76.1,70.5,73.6,66.6,56.3,110.34
12:42,60.72,64.63,54.91,54.92,54.84,54.99,47.89,44.87,69.34,66.14,50.47,71.3,63.7,63.7,71.6,55,54.1,92.59,66.95,78.42,73.56,68.01,68.21,71.22,56.96,54.57,82.09,69.03,58.61,77.1,71.2,73.5,65.3,58,109.22
12:44,59.24,63.68,51.35,54.94,54.18,53.28,50.03,47.07,69.52,66.59,51.94,69.3,62.4,62.4,70.3,55.1,53.5,90.95,68.74,77.69,72.42,67.82,67.78,70.54,61.76,58.98,80.44,69.39,59.25,75.3,71.6,71.1,65.1,57.9,109.16
12:47,60.64,63.45,53.86,56.06,55.09,54.92,48.71,46.26,69.56,66.55,50.19,70,62.7,62.7,69.9,52.9,54.3,91.17,70.12,79.61,73.04,66.73,67.17,71.15,61.01,57.81,79.19,69.35,60.47,76.1,72,72.1,64.1,59.3,108.73
12:49,60.67,63.76,52.48,54.36,53.96,54.03,49.73,46.84,69.33,65.23,47.79,69.9,62.1,62.1,72.2,54.2,55.2,91.81,67.83,77.76,73.85,67.92,68.04,71.73,60.07,57.76,80.12,68.21,60.47,75.7,69.8,73.3,65,60.6,109.21
12:52,58.29,65.27,52.92,53.68,52.17,54.79,49.37,47.36,70.44,66.09,52.56,72.1,62.3,62.3,72.9,54.6,54,92.05,65.36,78.53,73.91,68.02,68.06,72.24,64.45,58.4,80.38,68.97,61.28,76.8,70.2,74.1,64.8,57.3,109.42
12:54,57.13,63.99,53.03,53.89,52.5,55.08,48.46,45.85,71,66.49,48.85,71.2,64.2,64.2,71.1,55.2,55.1,92,64.18,79.06,73.83,67.73,67.85,72.48,60.2,56.16,80.43,69.47,60.18,76.9,71.3,72.2,63.9,60.5,109.52
12:57,56.6,65.53,53.35,54.11,52.8,55.21,49.97,46.98,70.67,66.94,50.67,71.4,62.8,62.8,72.5,54.9,56.8,92.6,65.05,77.01,74.44,66.42,67.25,72.77,60.69,55.98,81.22,70.23,59.22,76.8,70.4,73.4,62.4,61,110.11
12:59,60.87,71.07,53.88,54.89,53.88,55.55,58.96,55.89,71.29,66.06,54.38,71.8,62,62,71.4,52.7,66.1,93.14,67.59,78.85,74.11,68.04,68.3,71.28,65.97,62.96,81.64,68.95,62.4,77.8,70.7,72.6,62.1,72.5,110.23
13:02,60.69,65.26,54.49,54.56,53.13,56.11,56.98,54.52,77.57,65.94,52.46,72.1,62.9,62.9,71.5,56.7,66.7,94.02,67.81,78.73,74.64,68.13,68.19,72.45,65.42,61.63,88.15,69.11,61.64,78.4,70.8,72.9,67.7,73.3,110.32
13:04,59.05,66.2,55.85,56.46,55.27,56.86,61.51,58.06,75.28,68.74,56.05,73.9,66,66,72.9,57.2,60.4,96.22,65.73,81.83,79.25,71.48,71.33,76.93,70.26,66.61,85.59,72.52,65.66,80.4,73.4,74.6,68.9,68.2,113.89
13:07,59.94,66.33,55.86,55.26,54.33,56.56,60.3,58.5,73.34,67.4,55.72,72.5,64.7,64.7,71.9,57.2,57.2,96.39,67.16,82.09,78.89,71.22,71.07,76.87,67.88,65.82,84.73,71.5,65.66,79.5,72.7,73.9,69.2,63.7,115.28
13:09,57.95,65.77,55.29,55.36,54.37,56.61,59.04,56.67,75.18,67.26,54.48,73.2,65.9,65.9,71.4,57.4,56.7,96.02,65.99,82.5,78.61,69.06,69.68,76.72,66.69,63.99,85.22,69.63,62.39,80,74,73,69.3,62.4,114.31
13:12,58.63,64.38,55.11,55.35,54.57,55.97,58.52,56.15,73.6,66.41,54.08,71.8,63.6,63.6,72.4,55.6,56.4,95.85,66.44,80.43,76.15,67.23,67.97,73.41,66.01,63.37,83.48,69.86,62.31,78.3,72.9,74.4,65.9,61.9,112.39
13:14,60.38,66.18,56.7,56.23,54.79,58.09,60.92,58.78,74.17,69.62,56.11,73.7,64.4,64.4,73.5,55.6,58.4,95.26,68.33,80.72,76.3,68.93,69,73.87,68.85,66.43,83.88,72.9,64.13,79.8,73.4,76.2,66.1,65,111.29
13:17,59.72,65.88,54.18,54.65,52.91,55.81,57.48,54.35,76.03,66.33,53.12,75.9,64.7,64.7,72.3,56,56.1,96.47,65.68,83.09,78.98,69.39,69.27,77.07,66.29,63.55,85.34,69.24,61.54,81.6,73.3,74,67.5,61.4,113.48
13:19,59.57,65.41,56.25,54.65,53.68,57.85,58,55.66,74.26,68.02,55.56,72.3,63.8,63.8,72.4,55.8,57,96.34,66.71,80.92,75.99,68.29,68.13,74.43,64.92,62.49,82.34,70.55,63.06,78.1,71.4,73.5,65,62.9,112.98
13:22,60.75,65.98,58.11,55.05,53.63,59.7,59.56,56.85,75.29,66.49,55.57,74.1,65.3,65.3,74.5,57.4,57.7,96.19,69.26,82.91,78.2,70.27,70.23,76.1,66.7,64.57,85.43,69.08,63.55,80.3,73.8,75.6,67.6,63.5,112.93
13:24,58.21,65.49,53.85,55.1,53.99,55,59.79,57.52,75.03,64.2,54.17,73.4,64,64,71.4,55.6,57.6,96.7,64.1,83.22,78.24,71.68,71.65,75.56,66.32,63.73,85.59,67.15,62.13,80.5,73.9,73,66.9,63.1,114.51
13:27,59.93,65.48,52.81,54.27,52.92,55.12,48.29,45.62,75.43,66.55,49.33,72.7,64.3,64.3,71,56.4,53.8,96.51,68.58,78.5,75.3,70.83,70.73,72.59,57.87,56.1,82.79,71.16,59.82,77.5,71.4,72.9,67.9,56.7,113.2
13:29,61.28,65.92,54.37,54.9,53.76,56.69,59.17,56.66,76.73,66.29,53.53,74.2,65.6,65.6,70.7,58.3,57.1,97.06,67.26,77.96,76.97,69.39,69.29,74.62,64.87,62.04,83.94,69.11,60.93,79,72.2,71.8,68.6,62.2,111.91
13:32,60.48,64.36,55.32,55.12,53.85,56.33,59.91,57.96,75.68,65.64,54.84,74.8,66.1,66.1,53.4,57,57.3,97.05,66.92,80.34,78.74,70.29,70.18,76.65,66.55,64.33,84.83,69.39,63.4,80,74.4,55.1,68.1,62.5,113.07
13:34,58.28,64.93,54.51,54.2,52.71,56.06,57.88,55.88,75.73,65.68,52.92,73.9,67.5,67.5,54.5,55.6,55.8,96.73,65.66,80.75,78.45,70.78,70.59,76.36,64.99,62.28,85,68.72,61.24,80.2,74.8,55.7,66.1,60.8,113.97
13:37,60.58,66.32,54.23,54.35,53.25,56.02,57.13,54.82,76.35,66.01,53.16,73,68.3,68.3,73.5,56.3,55.9,97.04,68.71,79.66,77.86,70.72,70.38,75.37,65.28,62.62,85.13,68.85,61.45,79,74.9,75.6,66.9,62.4,113.71
13:39,60.91,65.16,52.93,55.08,54.01,54.77,61.31,58.83,75.75,67.03,55.46,72.3,66.6,66.6,73.3,58,57.5,96.26,69.41,75.39,73.98,70.13,69.81,71.66,68.22,65.65,82.23,70.21,63.49,77.4,72.5,75.3,68.3,65,111.24
13:42,59.58,63.98,52.86,54.59,53.78,54.69,61.12,58.76,75.64,67.89,55.01,72.5,66.2,66.2,71.6,57.5,58.1,95.49,67.21,77.75,75.33,71.45,71.28,72.91,68.33,65.48,83.44,71.65,62.99,78.5,74,72.8,68,65.5,110.2
13:44,59.53,64.73,54.42,54.52,53.38,56.26,60.36,57.87,75.66,66.46,55.26,73.6,66.7,66.7,69.4,57.6,59,96.12,66.32,80.73,78.06,70.58,70.43,76.26,67.13,64.3,85.02,70.02,62.82,79.6,74.6,71.3,68.1,65,112.97
13:47,61.38,64.6,54,54.64,53.57,55.69,60.94,58.11,75.61,66.83,55.06,73.2,65.7,65.7,75,59.1,63,95.99,67.96,79.2,77.15,69.87,69.7,75.47,67.47,64.27,83.92,70.32,62.51,78.1,72.9,76.1,66.3,69.1,113.22
13:49,61.07,65.61,54.37,55.04,54.28,55.43,61.34,58.94,76.08,67.76,55.22,73.7,66.5,66.5,74.3,58.7,62,95.78,67.03,75.52,76.12,72.17,71.92,72.87,68.02,65.43,83.71,70.72,63.84,78.5,72.4,75.9,67.7,69.4,112.46
13:52,61.02,65.95,55.51,55.62,54.73,56.99,62.19,59.75,76.17,68.17,56.51,73.6,67.6,67.6,74.4,58.2,60,97.5,67.97,77.03,76.15,71.2,70.76,73.49,69.06,66.51,83.64,70.87,65,78.4,73.6,75.3,68.7,67.4,112.77
13:54,60.32,66.52,54.19,54.14,53.08,56.07,57.57,55.3,76.61,67.82,52.44,75.4,67.4,67.4,72.2,58.1,56.3,98.5,72.09,78.06,77,69.45,69.08,73.84,65.56,62.47,85.02,71.07,61.65,80.3,74.6,73.3,69,62.6,112.83
13:57,60.46,66.46,53.33,53.82,52.18,55.24,50.11,46.74,76,68.03,48.86,73.9,67.2,67.2,71.1,56.5,53.4,97.59,69.07,77.46,75.78,70.78,70.3,72.62,63,59.46,84.99,72.22,59.72,78.9,73.7,71.9,68.9,59.9,112.07
13:59,59.06,63.91,52.29,52.92,50.91,54.49,48.66,45.06,75.39,66.82,48.26,71.9,65.7,65.7,72.2,56.1,53,95.98,66.6,77.71,76.37,69.39,69.14,74.22,60.99,58.2,83.4,70.05,56.84,76.8,72.9,73.1,67.4,56.6,111.37
14:02,57.01,63.34,54.35,53.99,51.89,57,48.77,44.84,74.4,66.59,47.51,72.2,65.1,65.1,72.7,56.4,53.5,94.86,67.17,74.87,72.91,67.05,66.94,70.8,57.26,54.17,80.85,69.79,57.58,76.4,72.2,73.7,66.4,56.7,109.08
14:04,59.29,65.05,55.48,54.97,52.98,57.08,49.47,46.73,77.7,66.62,51.53,74.6,66.2,66.2,71.7,57.4,53,97.1,69.48,79.62,78.98,71.31,71.07,76.8,60.09,57.4,85.79,69.99,61.49,79.7,73.7,73.1,67.3,57.2,111.8
14:07,59.91,66.19,56.85,55.92,54.31,58.35,49.36,46.89,77.9,68.59,51.9,75.3,66.7,66.7,75.4,56.9,53,99.05,69.22,83.18,81.66,73.83,73.75,80.18,63.32,61.08,87.33,74.52,61.3,81.1,74.7,81.1,67.8,58.9,115.5
14:09,59.74,65.58,55.61,55.96,54.67,57.33,52.99,49.76,77.97,65.71,49.12,75.1,67.8,67.8,75.8,57.5,53.9,98.65,67.06,83.48,82.64,73.91,73.8,81.06,65.77,63.3,87.34,69.1,61.37,82.6,76.4,81.3,68,61.9,115.85
14:12,60.57,65.72,55.42,54.89,54.05,57.25,54.37,51.46,76.06,66.84,52.83,73.5,67.3,67.3,72.9,56.6,55.5,97.81,69.79,80.53,79.95,71.93,71.58,78.27,66.15,63.85,84.43,70.72,64.17,78.6,74.4,74.9,66.4,65.5,113.83
14:14,60.28,64.41,55.28,54.99,54.12,57.48,54.56,51.92,76.87,67.75,54.62,74.2,66.6,66.6,72.2,56.5,55.7,97.72,69.34,77.56,77.12,69.41,69.57,75.16,66.04,64.15,83.47,71.35,64.85,78.9,73.6,74.5,66.2,66.1,111.27
14:17,58.59,66.21,55.38,55.21,53.8,58.35,50.6,48.72,78.27,66.54,50.23,74.9,67,67,72.5,57.2,53.6,97.68,66.28,76.38,77.3,71.97,71.73,74.63,62.35,61.56,84.62,69.54,61.99,80.1,73,75,67.2,61.3,110.65
14:19,58.74,65.68,54.23,54.52,53.43,57.24,48.18,46.65,77.4,66.9,49.78,74.4,65.6,65.6,72.1,56,52.2,97.53,66.62,75.95,75.83,70.2,70.05,73.08,61.52,58.19,84.37,71.28,61.23,79.6,72.1,73,66.1,56.8,110.36
14:22,60.28,64.75,54.16,55.35,53.92,56.28,48.24,46.47,79.43,66.97,49.13,76.5,67.4,67.4,74.7,57.7,52.7,98.49,66.64,77.65,75.9,71.22,70.87,74.37,61.82,59.62,85.45,70.36,60.39,80.8,73.8,79,68,59.9,111.83
14:24,58.72,64.33,53.96,53.52,52.07,56.19,49.54,46.37,76.23,67.73,47.44,76.2,67,67,74.7,57.1,53.4,98.39,65.35,78.5,75.19,69.63,69.39,73.54,64.51,61.31,84.19,70.58,60.12,82.4,74.9,76.7,68.1,57.5,111.67
14:27,59.52,66.03,54.03,54.48,53.1,56.7,49.05,46.43,79.45,67.7,50.67,76.3,67,67,72,57.2,53.9,98.54,67.79,81.01,76.98,71.66,71.43,75.35,58.65,56.39,85.86,71.07,60.86,82,75.7,73.1,67,59.2,112.04
14:29,60.28,65.02,58.35,54.25,52.87,60.45,51.05,47.31,79.32,65.55,52.22,75.4,66.2,66.2,70.4,58.8,52.7,99.59,68.65,78.95,75.48,69.53,69.22,73.94,60.17,57.31,85.6,68.63,61.49,80.6,74.5,72.1,69.3,58.2,112.71
14:32,59.23,63.9,53.55,54.07,52.59,56.47,50.8,46.55,77.33,67.41,52.48,75.5,69,69,71.1,57.9,52.7,98.94,67.85,79.11,74.65,68.91,68.8,72.94,60.93,57.92,83.89,72.12,60.18,80.7,76.6,72.1,68.6,58.2,110.91
14:34,62.05,68.69,54.83,55.79,53.73,57.18,47.32,44.84,78.49,68.53,51.64,76.5,68.4,68.4,73.7,57.2,53.3,98.17,70.17,78.41,75.7,69.61,69.3,72.98,59.68,56.3,85.38,72.17,60.92,80.6,74.7,74.8,66.9,57.8,110.17
14:37,60.81,65.59,53.56,54.15,52.89,55.91,48.15,46.12,78.56,67.88,50.7,75.1,67.1,67.1,71.7,57.3,53.1,97.9,70.15,76,74.97,69.55,69.36,72.9,59.43,57.06,85.16,70.14,62.58,79.8,72.8,72.9,65.9,57.4,109.92
14:39,59.5,65.06,54.01,55.15,53.66,56.59,48.26,46.2,78.67,66.93,46.33,76.3,65.8,65.8,71.7,61.4,53.4,98.52,67.28,79.2,77.77,71.86,71.68,75.99,59.72,55.87,85.13,70.79,57.46,82,73.8,72.9,71,56.8,111.29
14:42,56.71,65.11,53.91,54.92,53.47,56.42,48.17,45.06,79.66,67.07,53.14,76.2,67.2,67.2,72.3,59.9,53.5,99.37,65.69,81.42,77.86,71.2,71.17,76.2,60.41,57.24,85.88,71.36,59.95,82.5,75.5,73.6,70.6,56.9,112.89
14:44,58.17,65.92,54.98,54.9,53.05,57.32,50.13,46.73,79.52,67.63,49.59,76.5,68.5,68.5,71.8,58.9,54.2,99.31,67.06,79.74,77.93,70.77,70.55,75.64,59.9,58.05,85.85,71.55,60.92,82.1,75.4,73.6,69.4,60,113.39
14:47,60.33,66.57,55.43,54.4,53.15,57.38,50.87,47.32,78.73,68.14,50.31,77.3,67.9,67.9,70.3,59.7,54.1,98.8,68.07,80.36,79.2,71.94,71.67,76.9,60.99,59.44,86.93,70.77,61.71,83.5,75.3,71.6,70.6,60.6,113.8
14:49,58.64,65.97,54.3,56.42,54.34,56.16,48.97,44.66,80.31,66.52,46.41,76.5,68,68,72.7,59.6,55.6,98.61,64.92,77.21,75.59,71.55,71.5,73.59,60.21,57.61,87.15,69.25,60.82,82.5,74.6,73.5,70,61,113.03
14:52,59.39,66.21,54.53,55.29,53.92,56.68,50.17,47.81,78.68,66.32,52.21,76.4,68.9,68.9,70.8,56.9,55.8,98.98,67.17,76.23,75.05,72.35,72.28,73.1,62.9,61.21,84.84,69.29,62.95,82.5,75.2,72.2,67.5,63.5,111.84
14:54,60.8,65.95,54.33,54.33,52.87,57.13,50.52,48.79,78.27,66.98,49.84,75.9,67.8,67.8,71.4,58.6,57.6,98.49,68.83,74.88,73.91,70.36,70.23,71.62,63.22,62.47,83.89,69.9,62.77,80.3,73.4,73,67.9,65.4,110.7
14:57,60.02,67.85,55.15,55.18,54.08,57.18,50.9,48.64,79.67,67.88,51.36,76.2,69.2,69.2,72.6,57.5,61,98.34,67.51,78.41,76.16,72.06,72.01,74.08,61.81,61.13,86.49,70.49,63.61,81.5,76.1,74.4,68.4,68.7,111.47
14:59,59.44,66.81,55.23,54.91,53.85,56.7,48.74,46.61,78.47,67.55,48.37,77.1,70,70,72.9,59.7,58.2,99.08,70.45,78.86,77.67,72.48,72.48,75.43,62.12,60.73,87.03,70.87,62.49,82.8,76.3,74.1,71,65,114.15
15:02,58.4,66.31,54.5,54.66,53.28,55.79,51.12,48.72,75.96,65.81,49.57,75.4,67.4,67.4,72.6,56.8,60.4,98.06,69.6,81.31,80.71,71.43,71.27,78.73,62.37,61.29,86.66,69.23,62.28,81.6,75.8,74.8,67.8,68.7,115.28
15:04,59.83,63.5,55.06,54.16,52.79,56.38,51.9,52.69,78.64,66.2,47.88,74.8,66.7,66.7,73.4,57.2,57.6,96.74,70.95,80.96,80.94,71.36,71.19,78.89,60.64,59.96,87.78,70.4,62.58,81.2,75.4,76.2,67.2,65.1,114.71
15:07,61.35,64.06,55.61,54.98,54.03,57.36,53.44,52.53,77.94,67.07,52.08,75.6,66.5,66.5,72.4,56.9,55.3,97.22,70.2,78.51,78.16,71.15,71.17,76.06,65.37,63.41,87.5,70.21,63.24,80.9,74.5,73.6,67.9,63.5,114.12
15:09,60.32,64.17,54.96,54.76,53.53,56.11,51.11,50.01,77,66.81,48.22,76.2,66.6,66.6,72.2,59.2,54.7,97.18,68.74,79.35,78.38,70.19,70.31,76.63,64.58,61.36,86.83,70.36,62.38,81.8,74,74,70.3,60.4,114.22
15:12,61.03,64.02,57.16,56.21,54.78,57.99,52.63,50.15,77.59,66.65,52.69,75.9,65.4,65.4,72.4,58.4,55.1,97.14,68.54,77.15,80.03,71.96,72.3,77.53,68.32,65.26,87.52,71.23,65.69,81.7,72.9,74.8,70.9,65.1,114.4
15:14,60.09,63.69,57.67,55.82,54.55,58.33,51.74,49.28,78.12,65.77,52.2,75.6,65.3,65.3,70.1,58.4,54.8,97.32,69.31,77.57,80.32,72.32,72.5,77.7,65.05,63.66,88.26,69.7,63.7,81.6,73.7,72.2,69.5,63.2,114.92
15:17,61.27,64.45,56.28,55.38,54.41,58.35,56.52,54.66,78.69,66.25,53.32,76.1,64.2,64.2,71.2,56.5,57.2,97.54,70.69,76.71,78.01,71.04,71.21,75.53,66.15,64.24,87.02,70.25,64.57,81.4,72.4,73,66.4,65.5,114.4
15:19,59.23,64.37,56.65,56.33,55.19,58.91,58.57,56.66,78.82,67.17,54.89,77.3,65.4,65.4,72.3,58.4,57.3,98.38,68.88,76.78,77.19,71.26,71.31,75.6,66.77,64.99,87.32,70.23,64.41,82.4,72.8,73.8,68,65.5,113.58
15:22,59.28,64.33,56.56,56.75,55.85,58.01,58.75,56.67,78.22,66.46,55.43,76.4,65.6,65.6,72.8,58.6,58.8,98.63,68.67,76.69,77.34,71.92,71.91,75.46,66.01,64.18,86.5,69.63,64.82,80.9,72.8,74.5,69.7,65.9,113.6
15:24,60.33,64.81,56.19,55.41,54.18,57.57,59.08,57.15,79.25,66.89,53.53,76.7,67.6,67.6,70.7,58.1,58.3,98.58,68.65,77.3,76.6,70.96,71.06,74.72,67.69,64.17,86.9,70.86,64.14,81.4,74.2,72.3,68.3,64.5,113.08
15:27,58.2,67.1,57.57,55.78,54.54,58.66,57.2,54.77,77.99,67.02,53.6,77.4,67,67,72.8,58.9,56.9,98.43,69.44,79.59,79.99,71.03,71.15,77.7,65.27,62.67,87.58,70.87,63.2,82.4,76,75.3,68.8,64.5,114.07
15:29,59.2,67.29,56.44,54.86,54.03,57.56,58.42,55.99,77.57,67.54,53.29,80.3,67.5,67.5,70.7,56.6,57.3,98.2,69.26,79.92,79.34,70.9,71.06,77,67.87,65.3,88.45,71.62,63.08,83.9,76.4,72.7,69.2,63.7,115.24
15:32,59.95,66.74,57.29,54.89,54.13,59.3,58.61,56.48,79.45,68.37,54.53,79.7,68,68,70.3,59,56.8,98.82,67.67,81.22,80.26,72.44,72.64,77.6,67.39,65.39,90.51,72.27,64.6,85.4,77.4,73.7,70.8,63.7,115.79
15:34,59.33,65.07,55.94,55.61,54.74,57.65,57.85,55.62,79.13,66,52.39,76.7,67.1,67.1,71.5,58.7,56.8,98.76,66.75,77.78,77.24,72.81,72.77,75.15,67.37,64.37,87.12,69.24,63.42,82.7,77,73.1,70.4,62.3,114.52
15:37,59.67,65.04,56.67,57.34,55.55,58.13,62.89,59.81,77.49,65.89,57.54,76.5,65.9,65.9,69.2,58.1,60.9,98.09,69.94,77.71,77.89,71.94,71.72,76.04,70.53,67.4,85.6,69.63,65.75,82.4,74.3,71.5,69,67.2,112.43
15:39,60.48,65.26,57.48,55.37,54.71,57.77,59.81,57.6,76.85,67.62,54.76,76.3,66.7,66.7,70.7,59.4,56.4,97.69,67.96,79.5,79.46,71.45,71.67,76.91,69.2,65.17,88.32,70.85,63.25,82.4,76.1,73,70.9,62.5,113.26
15:42,58.37,64.04,56.75,55.41,54.75,57.54,59.46,57.01,78.04,68.38,55.45,77.2,65.5,65.5,77.3,59.7,58,97.3,68.02,77.17,78.01,72.46,72.56,75.53,67.92,64.49,87.01,73.54,63.99,82.8,74.8,80.8,70.5,64.1,113.05
15:44,58.4,66.97,58.9,56.73,55.51,59.5,60.1,57.25,80.43,68.16,55.58,77.6,67.1,67.1,70.5,60.6,58.4,98.21,65.93,79.1,80.46,74.25,74.2,76.95,67.82,65.26,89.15,73.3,63.11,83.3,75.7,72.1,71.2,63.8,113.66
15:47,58.89,66.37,57.55,56.27,55.18,59,59.89,57.18,80.58,65.88,55.51,77.9,65.9,65.9,70.4,59.4,58.9,98.23,65.75,79.52,78.19,71.54,71.88,75.66,66.87,64.52,89.54,69.25,64.31,84.6,76.4,71.6,71.2,64.7,114.77
15:49,59.91,65.11,56.94,55.13,53.97,58.88,57.46,54.66,78.19,67.07,53.16,76.9,65.9,65.9,72.5,59.1,57.4,98.15,67.38,78.53,78.62,70.14,70.65,75.84,66.84,63.62,87.27,70.06,64.52,81.7,74.1,73.6,70.3,63.1,114.4
15:52,58.44,68.05,57.98,55.92,55.42,59.32,49.41,47.1,78.96,67.98,54.34,77.6,67.4,67.4,68.2,59.9,53.9,98.88,68.3,80.24,80.04,73.1,73.7,77.04,66.22,61.71,89.16,71.31,64.23,83.2,75.2,70.6,71.7,59.8,114.47
15:54,59.69,66.49,57.24,56.16,55.28,59.01,47.8,45.31,79.07,67.28,55.18,77.5,66.5,66.5,72.4,59.6,54.5,98.72,67.86,80.28,78.77,72.78,73.22,76.18,61.89,59.87,88.54,69.64,62.61,84.4,75.1,74,70,61,113.92
15:57,60.86,63.53,53.46,54.27,53.19,55.9,48.85,46.01,74.66,66.79,53.63,74.4,65.2,65.2,74.6,57.6,55.3,97.3,69.6,74.52,73.3,68.38,68.91,71.45,60.51,59.33,81.4,71.32,64.37,78.1,72.3,75.5,68,60.9,110.38
15:59,59.17,62.67,54.07,53.17,52.01,56.38,48.81,45.9,76.19,67.4,55.32,74.4,63.9,63.9,70.3,56.3,54.7,95.7,67.24,76.81,76.87,69.2,69.39,75.16,62.71,60.73,83.71,71.5,62.23,79.2,73,71.4,68,58.4,109.04
16:02,59.44,62.48,55.89,54.5,53.69,57.66,47.84,45.11,76.68,66.59,48.88,75.9,64.4,64.4,71,58.2,55.1,96.81,66.7,76.96,78.89,72.84,72.72,76.72,59.16,56.81,84.14,68.99,60.44,80.9,72.4,72.9,69.1,59.1,111.98
16:04,58.13,64.72,55.67,55.44,53.98,58.34,47.4,45.88,77.94,68.45,52.25,76.9,65.9,65.9,71.9,59.8,55,97.48,65.65,75.57,75.83,71.56,71.62,73.83,61.49,57.94,85.13,74.18,59.64,81.7,72.4,73,71.3,59.7,112.06
16:07,59.49,64.22,58.31,56.4,55.7,59.46,48.53,46.26,78.3,67.24,51.73,78.2,67,67,74.7,61.2,55.1,98.25,67.24,76.69,80.97,75.15,75.09,77.56,63.08,60.53,88.13,71.91,60.87,82.9,73.5,75.5,73.4,59.9,113.84
16:09,59.83,64.71,58.26,56.04,54.88,60.12,50.2,46.64,79.58,66.12,46.99,77,64.8,64.8,72.3,59.7,53.9,99.05,68.05,74.81,79.18,73.13,73.34,75.62,66.12,61.87,86.45,70.64,63.41,82,71.3,73.5,70.7,59.5,115.19
16:12,59.14,62.57,57.2,55.39,53.96,58.78,51.31,47.88,78.39,67.54,50.79,74.7,63.3,63.3,70.1,58.9,53.7,98.7,66.62,73.39,79.78,74.5,74.27,75.72,61.36,60.82,84.09,71.17,62.92,79,70,71.9,69.4,59.1,114.46
16:14,57.82,63.28,57.22,56.01,54.91,60.07,49.77,45.93,81.14,67.37,51.63,75.7,64.1,64.1,70.8,58.5,53.1,99.23,65.14,73.46,78.24,72.92,72.94,74.45,58.71,56.9,86.96,69.73,61.05,80.4,70.4,71.9,68.5,58,115.45
16:17,59.69,64.65,58.19,56.5,54.77,61.16,49.52,47.52,81.41,66.9,51.22,80.2,65.7,65.7,71.3,58.7,54.8,100.48,65.95,74.12,76.66,70.2,70.53,74,63.68,59.75,87.02,69.36,60.96,83.6,71,72.4,69.4,59.6,114.36
16:19,60.84,63.36,60.31,56.76,54.78,62.24,47.5,45.4,80.76,65.98,47.96,77.3,63.9,63.9,68.6,58.4,53.5,100.26,67.47,74.02,79.64,73.93,73.76,76.23,61.49,59.65,86.68,68.51,60.7,81.6,70.2,69.9,69.4,59.5,113.16
16:22,58.28,64.15,57.62,56.14,54.69,60.17,46.7,44.03,78.55,65.11,50.39,76.8,64.2,64.2,71.1,57.8,53,99.34,64.22,80.33,82.04,75.09,74.67,79.87,60.67,56.81,86.54,70.05,60.82,82.3,72.1,73.1,68.9,58.1,115.52
16:24,57.91,63.13,56.76,56.75,54.64,60.1,47.53,44.7,79.57,66.28,48.44,76.5,64.3,64.3,69.7,58.4,53.7,98.73,65.09,78.86,79.33,72.82,72.72,77.57,61.24,57.19,85.99,69.69,59.87,81.4,72.1,71.6,69,58,114.08
16:27,57.68,62.8,58.56,56.47,55.09,61.54,49.25,46.44,81.38,67.36,48.26,79.8,64.9,64.9,70,59.6,54.7,99.44,65.4,74.98,78.58,71.93,71.94,74.8,61.59,60.1,86.93,69.9,59.72,83.6,70.7,72.5,69.6,58.9,112.36
16:29,59.52,62.65,57.35,56.05,54.38,60.55,51.13,46.34,80.4,66.07,51.72,77,63.1,63.1,72,57.8,54.2,100.08,65.07,73.33,76.75,72.15,72.19,73.45,61.34,57.33,85.78,70.61,61.62,81.6,70.6,74,66.2,58.5,113.25
16:32,60.27,61.49,57.18,55.94,53.99,60.32,49.99,46.59,78.34,66.47,52.72,75.5,62.9,62.9,70.4,57.3,53.6,99.21,66.77,74.3,75.54,69.73,69.87,73.37,60.84,56.83,83.61,72.33,62.11,79.8,68.5,71.6,65.8,57.5,111.57
16:34,58.36,61.78,57.09,56.51,54.82,60.31,49.27,46.7,78.46,66.15,51.76,75.4,62.7,62.7,70,58,52.4,98.2,65.76,78.28,79.05,72.48,72.71,76.87,62.79,58.04,84.79,70.88,62.12,80.9,69.7,73.5,67.1,56.8,111.3
16:37,58.5,60.39,56.38,55.71,54.56,58.94,51.71,49.67,75.87,65.06,52.19,73.6,61.6,61.6,70.8,55.7,54.2,96.82,66.64,73.25,76.06,71.17,71.32,73.18,62.7,60.62,82.63,67.71,61.99,78.6,68.3,72.3,66.4,60.7,111.21
16:39,59.76,62.56,57.09,55.9,54.78,59.3,49.22,46.71,76,65.41,50.61,76.4,65.8,65.8,70.6,55.9,54.1,97.01,66.28,75.82,78.56,73.2,73.18,75.2,62.44,59.98,84.59,67.78,62.2,80.8,71.9,71.9,66,59.2,112.63
16:42,56.91,62.76,59.01,58.18,56.74,61.58,49.05,47.31,79.37,65.83,51.41,77.7,66.8,66.8,70.8,57.7,53.9,99.45,64.37,77.24,80.63,75.69,75.56,77.66,62.28,60.21,86.33,69.87,60.92,82,72.8,72.6,67.3,59.5,114.85
16:44,57.64,63.66,58.89,57.74,56.19,61.27,49.57,46.83,80.12,66.42,53.7,75.4,63.1,63.1,70.3,58,52.7,100.62,64.8,79.41,80.81,74.81,74.91,77.88,59.79,55.7,87.7,69.58,61.16,80.7,72,72.8,69.1,57.4,115.32
16:47,59.8,61.71,59.39,58.09,55.94,62.46,49.48,47.11,80.24,66.4,52.4,74.5,62.2,62.2,68.4,58.4,52.2,100.58,65.73,76.33,79.83,74.07,73.92,76.48,61.5,56.86,86.14,69.43,58.83,79.8,69.9,70.3,66,57.5,114.32
16:49,59.24,64.17,58.55,56.74,55.31,60.97,47.59,45.15,79,66.33,49.45,74.2,62.9,62.9,69,58.4,52.6,99.75,66.55,75.72,78.85,73.35,73.57,75.12,59.96,58.18,84.58,69.22,58.45,79.2,69.7,73,66.3,61.5,112.55
16:52,57.72,64.18,58.87,56.78,55.26,61.63,47.65,45.22,79.53,65.57,52.18,75.7,64.2,64.2,71,59.1,52.3,99.53,64.36,75.99,78.13,72.7,72.83,74.88,58.2,55.66,85.21,68.97,60.24,81,70.6,73.2,67.5,59.1,112.05
16:54,59.65,63.45,59.65,57.58,55.68,62.37,50.92,49.1,80.58,64.9,49.5,77.9,64,64,70.4,59.1,53.3,100.01,67.73,77.19,79.87,74.16,73.9,76.64,65.58,60.66,86.93,68.02,59.87,82.6,71,72.3,68.8,60.8,112.47
16:57,61.44,62.44,59.29,57.32,55.35,62.04,50.09,48.46,80.34,66.95,51.06,77.5,63.1,63.1,69.8,57.8,52.3,99.23,68.04,76.97,80.02,74.16,74.14,76.61,66.01,59.73,87.29,70.15,61.92,82.7,71.2,71.6,68.6,58.9,113.28
16:59,58.25,62.48,58.9,56.89,55.73,61.63,51.4,49.25,79.75,66.97,51.14,76.7,63.6,63.6,72.1,59.5,53.6,98.52,65.89,74.44,79.02,74.3,74.17,75.47,65.2,61.22,86.16,70.2,61.91,80.7,70.4,73.3,70,62.2,112.71
17:02,58.64,62.07,58.39,56.63,54.85,61.21,49.25,47.21,78.97,65.81,48.89,78.1,63.5,63.5,71.5,58.8,52.7,98.78,66.15,76.31,77.94,73.57,73.51,74.67,61.74,58.5,85.85,68.68,59.07,82.2,71,72.6,68.7,61.2,111.68
17:04,58.64,63.92,58.68,56.85,54.77,61.59,49.93,46.85,81.46,64.72,48.17,78.9,65.6,65.6,69.7,58.2,53.2,99.19,64.51,75.17,77.82,72.78,72.83,74.49,61.52,56.36,87.43,67.42,56.79,82.7,71.3,71.5,68.3,58.5,111.89
17:07,57.8,63.36,58.84,56.74,55.28,61.58,48.75,46.32,81.44,65.66,52.46,76,63.8,63.8,71.4,57.3,52.4,99.23,64.34,76.92,79.74,74.44,74.56,75.94,60.58,54.71,87.04,68.62,60.82,80.8,71,73.2,66.5,58,113.68
17:09,60.55,63.56,58.35,56.37,54.97,61.33,48.58,46.35,80.09,66.55,47.9,78.2,64.7,64.7,71.7,58.8,51.9,99.15,66.49,75.65,78.95,74.06,74.23,75.67,62.05,55.88,86.47,70.09,57.78,82.6,71,73.5,68.8,56,113.86
17:12,61.06,63.84,59.03,56.17,54.75,61.59,50.47,48.47,80.04,67.29,52.72,77.8,65.4,65.4,72.5,58.9,52.2,99.36,66.1,75.34,78.8,73.3,73.34,75.44,61.48,56.82,86.31,72.16,62.75,82.3,72,73.5,68.9,58,112.46
17:14,61.02,62.75,59.84,57.54,55.99,61.42,52.22,48.62,79.56,64.88,51.46,78.9,63.6,63.6,71.4,58.1,52.8,99.16,66.3,75.97,80.26,74.04,74.19,76.76,61.79,57.39,86.47,67.82,59.95,83,70.8,72.4,68.6,57.7,113.12
17:17,58.94,63.5,59.89,58,56.95,61.73,61.32,53.47,79.98,65.81,49.14,77.6,64.1,64.1,70.1,58,52.8,99,65.39,75.73,79.83,75,75.32,76.47,61.69,56.29,86.58,69.55,60.67,82.7,70.6,71.5,67.8,58.3,113.51
17:19,58.17,62.64,59.21,58.58,57,61.2,56.03,50.91,79.21,66.73,49.04,76.4,63.4,63.4,70.7,57.5,54.2,98.94,65.29,77.31,81.14,76.46,76.39,77.56,62.48,59.43,86.3,70,61.46,81.7,71.5,72.4,68,62.1,113.73
17:22,59.03,62.69,58.58,57.31,55.91,60.16,51.21,49.99,77.63,67.25,51.95,75.7,63.6,63.6,68.9,58,54,98.89,64.61,77.62,80.94,75.92,75.78,77.27,60.95,57.69,85.37,69.56,62.01,80.5,71.8,71,68.2,58.9,114.43
17:24,53.94,61.87,57.22,56.89,55.98,59.64,50.33,49.06,78.1,65.98,50.18,77.7,63.7,63.7,69.2,56.8,53.1,98.69,61.16,75.69,77.95,75.78,75.63,74.7,61.29,59.9,84.72,68.92,59.57,82.2,70.3,70.7,66.4,59,112.8
17:27,57.17,62.05,57.93,56.95,55.98,60.57,51.65,47.13,78.63,66.35,49.77,76.2,63.7,63.7,70.5,57.3,51.7,98.18,64.6,75.16,78.42,74.13,74.48,75.04,64.19,58.2,84.36,69.23,57.99,80.8,70.2,72.4,65.3,55.6,111.03
17:29,56.15,61.7,57.76,55.94,54.4,59.91,50.03,45.73,77.81,66.92,48.54,75.2,62.5,62.5,70.6,57.3,52,97.44,64.64,75.11,79.52,73.86,73.85,75.69,60.77,55.32,85.55,70.03,60.79,80,69.7,72.2,66.5,55.6,112.3
17:32,57.21,61.22,58.19,55.54,54.42,58.67,48.9,46.39,77.38,66.67,49.55,74.8,63.7,63.7,70.2,54.4,52.5,97.06,65.45,78.44,81.45,72.87,72.91,78.74,60.99,57.06,86.35,70.64,61.04,79.9,71.3,71.9,65.9,59.2,113.57
17:34,57.75,62.02,58.22,55.46,54.52,58.69,49.99,47.96,78.1,65.86,46.35,75.8,64.4,64.4,71.1,56.3,52.7,97.13,64.12,77.88,80.81,72.93,73.23,77.46,60.07,56.8,86.42,68.28,57.76,81.1,71.9,72.6,67.9,59,114.31
17:37,62.56,62.74,57.65,55.93,55.17,58.44,49.96,48.31,77.28,64.87,49.64,76.2,64.5,64.5,67.5,57.9,53.1,96.92,67.28,76.29,79.65,74.58,74.91,75.96,57.52,54.56,86.04,67.15,58.18,81.3,71.4,69.2,69.3,57.3,114
17:39,59.71,62.68,58.9,56.93,55.93,60.3,48.7,47.34,79.27,65.89,45.77,77.3,65.5,65.5,70.9,59.5,52.8,98.37,66.02,78.38,81.57,75.44,75.69,78.63,56.6,54.12,87.19,68.6,56.77,82.3,72.5,73.7,70.6,57.5,113.96
17:42,59.71,64.61,59.4,58.06,56.46,61.96,48.73,47.19,81.86,66.95,48.7,79.8,68.3,68.3,74.1,60.9,52.8,100.02,64.67,78.5,80.77,74.49,74.75,78.1,57.42,52.8,88.01,69.48,59.52,84.4,73.4,76.2,70.2,58.9,113.61
17:44,61.22,63.69,58.75,57.26,55.95,61.14,49.01,46.39,81.39,66.2,50.04,77.2,66.3,66.3,69.2,60.7,52.7,100.21,67.27,75.88,80.28,72.64,73.24,77.56,59.49,54.79,87.34,69.31,62,82.3,72,71,69.9,56.1,112.65
17:46,62.28,66.08,58.55,56.51,55.64,61.14,49.97,46.43,80.63,65.29,50.03,77.5,66.4,66.4,67.4,58.1,52.4,99.9,67.47,75.04,79.75,72.06,72.25,77.31,58,54.66,86.7,68.03,60.43,82.1,72,69.5,67.4,55.5,111.68
17:49,60.44,63.76,57.81,57.84,58.31,60.42,49.72,47.19,80.28,65.93,47.21,76.8,65.4,65.4,66.2,58.7,51.8,99.45,64,77.98,80.53,72.53,72.51,77.94,58.58,55.19,86.71,68.72,56.44,82.3,72.2,68.4,67.8,55.3,112.14
17:51,61.62,61.91,55.68,55.85,54.12,58.51,47.93,45.89,78.14,66.26,45.91,75,63.4,63.4,72.1,57.5,51.5,98.03,65.79,73.29,75.59,71.92,72.06,72.47,58.1,56.45,83.25,69.28,56.36,80,70.1,75,66.3,55.1,110.55
17:54,62.49,62.53,56.93,55.75,53.87,59.9,46.98,43.97,79.23,66.79,47.47,75.6,63.8,63.8,71.1,56.6,51.2,97.23,68.51,74.49,77.41,73.28,73.07,74.05,59.24,56.82,84.04,72.01,59.41,79.9,70,72.2,64.4,55.1,107.78
17:56,61.25,63.52,57.28,55.79,53.75,60.12,48.2,45.54,80.15,66.63,49.81,75.9,64.8,64.8,68.2,58.5,52.2,97.85,64.94,75.81,78.29,72.57,72.45,74.61,60.05,56.44,85.47,70.49,58.21,80.2,70.7,69.5,66.1,55.8,110.76
17:59,58.64,65.44,57.1,55.34,53.4,60.26,47.41,44.72,80.24,65.6,48.72,76.5,64.5,64.5,69.1,59.8,51.8,98,63.87,76.3,78.78,72.95,72.77,75.02,55.63,53.13,85.62,68.53,57.52,80.8,70.6,71.4,66.6,54.7,111.12
18:01,58.01,65.89,56.91,56.88,54.91,59.78,48.11,43.97,81.6,65.06,49.26,76.1,65.8,65.8,70.2,59.7,51.6,98.96,64.82,78.93,79.69,72.53,72.52,77.07,56.18,52.62,87.14,67.59,57.51,81.7,73.6,72.5,68.2,55.2,111.73
18:04,58.81,62.56,54.32,54.63,52.85,56.62,45.73,42.16,77.83,64.85,44.95,74.2,64.8,64.8,71.6,56.6,51.6,98.12,64.64,77.2,77.44,71.01,70.88,74.76,56.01,54.21,83.6,67.02,55.53,79.1,72,72.7,65.6,54.7,111.37
18:06,58.17,59.72,52.56,52.71,51.65,54.41,47.57,43.17,67.55,65.67,49.44,70.9,63.5,63.5,70,55.2,51.7,93.14,65.06,73.55,75.26,69.96,69.94,71.98,56.87,55.1,78.6,68.67,56.98,75.9,70,71.4,65.6,55.9,108.44
18:09,57.58,62.71,54.21,53.81,52.5,56.64,46.84,42.18,76.8,65.01,45.56,73.5,66.3,66.3,70,55.6,52.1,93.92,65.4,72.78,75.41,72.3,71.89,72.58,56.13,54.07,83.28,68.14,55.88,79.2,71.5,71.1,65.7,56,105.98
18:11,60.41,65.14,57.91,55.62,53.83,59.91,46.92,42.91,81.72,66.19,51.34,76.9,69,69,69.1,57.7,51.8,98.49,64.41,77.42,79.54,72.11,72.02,77.79,56.74,55.23,87.69,70.7,58.78,82,74.3,70.9,67,55.1,109.97
18:14,59.24,65.53,57.49,55.99,54.19,59.41,52.26,47.57,80.23,65.97,50.7,76.1,67.9,67.9,67.4,56.7,51.6,99.27,66.06,76.84,79.48,73.23,73.2,77.57,58.11,55.2,86.41,69.73,58.38,80.9,73,69,66.5,54.5,111.74
18:16,59.78,66.63,57.16,55.87,54.41,59.05,52.44,47.28,77.93,65.08,49.69,76.8,70,70,67.6,58.2,51.7,98.5,66.68,79.47,81.55,73.96,73.97,79.38,57.74,55.06,86.04,67.83,57.55,82,75.2,69.1,69.5,55.7,112.74
18:19,57.04,66.56,58.13,57.21,55.56,59.23,50.87,44.85,79.18,65.79,47,76.8,70.4,70.4,76.3,59.2,51.4,99,62.18,78.55,80.78,74.2,74.1,78.05,56.31,52.35,86.34,69.38,56.63,81.5,75.7,80,70,54.9,113.73
18:21,57.19,67.48,57.91,56.42,54.93,60.17,49.35,45.22,80.18,64.07,50.8,79.7,70.3,70.3,78,61.1,51.1,99.56,62.33,80.52,80.42,73.24,73.41,78.33,56.51,52.51,87.58,66.41,58.18,84.2,77.3,81,71.9,54.6,113.36
18:24,59.53,67.44,58.18,55.52,54.29,60.01,48.97,47.03,80.23,64.1,45.07,79.1,69.8,69.8,70.8,61.3,51.6,99.82,66.33,81.04,81.58,73.94,74.02,79.03,58.28,57.26,88.29,66.28,53.83,84.3,76.5,72.1,73.3,54.5,113.73
18:26,58.34,65.28,57.45,57.03,55.08,58.75,47.13,44.67,79.22,65.49,49.8,75.9,66.8,66.8,67.2,59.7,52,99.16,65.11,80.84,82.32,74.98,74.92,80.04,55.22,52.84,87.15,67.94,55.43,81.4,74.1,69.4,71,55.3,114.19
18:29,58.17,65.93,56.38,55.36,54.32,57.91,49.12,46.93,78.49,64.82,51.25,74.3,67.4,67.4,71.3,58,52.5,98.85,64.56,77.14,78.89,73.98,74.1,75.55,57.84,55.15,84.56,67.89,58.38,79.7,73.4,72.7,67.7,57.7,113.54
18:31,57.23,66.79,56.68,55.01,54.34,58.31,48.98,46.42,80.74,65.13,47.25,77.4,67.5,67.5,72.7,58.3,52.3,99.56,64.17,77.69,78.67,73.7,73.99,74.97,60.3,53.69,87.05,69.27,57.15,82.6,73.7,74.5,68.7,55.9,112.79
18:34,58.97,67.78,57.51,56.97,56.09,59.47,47.44,46.08,81.52,65.49,45.22,78,70.4,70.4,68.9,61.3,51.7,100.35,66.53,79.23,79.35,75.61,75.63,76.35,59.36,59.9,88.39,68.1,56.18,83.9,76.4,70.9,71.8,55.3,114.51
18:36,56.73,67.62,57.21,57.67,56.13,59.37,48.02,44.06,82.29,67.44,50.36,78.3,71,71,72,60.4,52.8,101.59,64.43,79.16,78.48,73.4,73.35,75.75,56.42,57.37,88.11,69.85,57.91,83.2,76.3,73.1,70,55.9,114.55
18:39,56.87,69.07,56.93,57.37,55.86,59.32,49.16,46.06,83.24,65.71,44.03,78,71.6,71.6,70.1,60.6,53.5,101.68,64.39,79.14,78.18,74.33,74.34,75.83,61.01,57.06,88.49,67.87,53.88,82.8,76.7,71.9,69.5,61,112.96
18:41,59.73,69.3,57.22,56.89,55.51,60.67,53.4,51.11,82.94,65.77,50.52,78,72.4,72.4,68,61,53.4,100.91,63.12,78.39,76.95,73.95,73.97,74.52,62.36,58.63,88.98,68.66,58.95,83,78.1,69.5,71.1,57.7,113
18:44,60.68,67.75,56.45,55.81,54.41,58.91,53.64,51.29,82.53,66.43,51.28,76.5,68.4,68.4,69,61.3,53.3,100.72,65.64,76.96,77.89,72.41,72.45,75.99,59.92,57.31,87.4,69.61,58.6,81.5,73.9,73.9,71.3,57.4,112.08
18:46,61.56,66.07,56.65,58.11,56.77,59.12,58.31,54.5,81.96,65.58,52.95,78,69,69,71.3,61.7,57.4,100.81,66.19,78.74,79.77,73.18,73.19,77.77,65.72,61.66,86.82,68.64,61.58,82,74.5,73,70.9,65,112.2
18:49,60.95,66.1,56.9,57.53,55.72,58.71,61.32,58.51,80.88,66.55,54.74,77.2,67.5,67.5,68.9,60.4,57.7,100.42,67.51,78.53,79.46,73.24,73.09,76.56,68.67,65.63,87.04,70.06,63.62,82.1,73.9,70.8,70.1,65,113.75
18:51,57.99,66.06,56.19,57.72,55.37,58.8,58.34,55.97,81.91,64.72,54.36,77.2,68,68,67.4,60,56.7,100.22,65.25,76.57,75.55,71.07,71.11,73.09,65.77,62.57,87.47,68.88,62.31,82.4,73.9,69.2,69.4,62,113.3
18:54,55.91,66.72,57.9,56.12,54.75,59.96,58.61,57.48,80.84,65.79,53.25,77.9,68.1,68.1,69.2,60,55.4,99.99,66.32,79.41,78.91,72.81,73.04,75.94,65.49,63.26,87.98,68.03,61.35,83.5,73.6,71.1,70.6,61.2,113.46
18:56,56.52,66.09,57.53,57.08,55.31,59.69,55.69,55.74,80.6,65.55,51.36,78.7,68.4,68.4,70.6,59.7,54.6,99.3,66.05,77.47,77.27,70.97,71.24,74.55,61.39,59.86,87.97,68.19,60.23,84.3,73.5,72.5,71.3,59.7,113.55
18:59,55.69,67.1,57.9,56.23,54.51,60.83,56.87,54.25,81.79,66.02,52.14,79.1,67.5,67.5,66,59.7,55.5,99.86,63.19,77.74,78.03,71.42,71.42,74.83,64.58,62.47,88.54,68.71,61.31,83.7,73.8,68.8,69.9,62.1,113.27
19:01,55.15,66.01,56.08,56.78,54.78,58.73,56.01,53.88,81.28,65.09,50.95,78.7,66.8,66.8,68.5,58.8,55.3,99.91,63.11,75.62,76.1,72.21,72.22,73.11,64.11,61.89,87.75,68.43,60.91,83.5,72.3,71.8,68.2,61,113.17
19:04,57.67,65.1,57.06,56.17,54.57,58.81,55.52,53.26,80.8,65.44,49.47,77.9,67.8,67.8,69.4,59.6,54.3,99.63,65.55,78.31,79.29,72.51,72.7,76.39,63.16,59.21,87.11,67.86,58.12,83,73.7,71.5,69.8,58.6,113.55
19:06,55.56,64,55.67,55.36,54.51,57.47,54.87,53.31,77.43,65.94,52.11,75.8,65.5,65.5,69.7,56.8,54.4,98.88,63.04,77.16,77.38,72.62,73.04,74.1,61.47,59.07,85.81,68.49,60.54,80.5,71.7,71.4,69,59.7,113.68
19:09,59.45,61.6,53.29,52.93,52.18,55.45,59.01,57.22,76.62,65.85,53.48,73.7,64.4,64.4,71.3,56.3,56.8,97.39,68.76,70.47,71.78,68.21,68.41,69.78,66.07,63.04,81.73,68.31,61.46,77.6,69.6,72.5,66.1,62.1,109.9
19:11,59.76,67.26,56.15,54.36,53.66,57.46,59.32,56.8,80.1,66.09,54.01,76.1,68,68,69.7,57.4,56.7,98.37,68.34,78.12,78.08,70.96,71.22,75.21,66.33,63.02,86.23,68.79,61.32,81.3,73.8,71,67.1,62.1,110.71
19:14,59.43,67.25,56.27,55.23,54.39,57.43,57.48,54.42,79.21,65.78,53.18,76,67.1,67.1,68.2,59.9,54.8,99.07,68.2,80.58,80.33,71.77,71.73,77.54,63.24,60.49,87.29,68.32,60.22,82.4,74.6,72.1,70.4,59.4,113.98
19:16,58.49,66.64,58.42,54.87,54.34,60.01,59.12,56.56,77.3,64.67,52.81,77.6,68.7,68.7,68.6,60.3,56.4,98.45,67.26,80.11,80.05,71.82,71.79,77.36,65.62,62.47,85.79,67.17,61.56,82.7,75.2,70.6,71.4,62.6,113.92
19:19,57.03,66.05,56.61,55.74,55.28,58.3,59.98,58.17,79.65,66.73,52.54,78.1,69.2,69.2,67.8,61,56.1,98.63,64.84,78.31,78.57,72.94,73.08,75.29,67.83,64.96,87.37,69.85,62.25,82.6,74.9,69.7,71.7,63.8,113.33
19:21,58.02,65.46,55.59,55.77,54.77,57.82,57.98,55.65,78.41,67.05,52.17,76.2,67.9,67.9,70.8,59.6,55.7,98.87,64.64,78.56,78.39,72.55,72.76,75,65.99,62.96,86.91,69.4,60.6,80.9,73.8,72.4,70.7,62.2,113.48
19:24,59.08,64.79,57.51,55.71,54.82,58.35,57.71,55.61,79.11,64.64,51.74,75.1,65.3,65.3,69.8,58.5,55,98.44,66.05,77.27,80.23,74.33,74.39,76.15,64.39,62.01,86.97,66.66,60.84,80.7,72.1,72.1,69,62.1,114.44
19:26,55.94,65.32,57.5,57.04,55.93,59.29,61.17,59.16,79.09,64.44,55.08,75.2,65.2,65.2,67.1,58.3,56.7,98.54,64.47,75.86,79.01,73.87,74.11,75.58,67.79,65.02,85.75,67.96,62.69,80.5,72.7,69.2,67.4,63.9,114.1
19:29,57.67,64.17,57.61,56.23,55.58,58.75,60.18,57.94,78.13,66.94,54.74,76.9,65.3,65.3,68.5,59.4,57.7,98.43,66.37,78.45,80.65,73.76,74.11,77.66,67.93,65.18,87.12,70.61,62.53,82.1,73.4,70.3,71.2,65,113.9
19:31,58.97,64.56,57.9,56.93,56.16,59.42,61.77,59.39,78.17,68.12,56.13,76.8,65.3,65.3,67.8,59.5,58.6,98.26,67.85,81.28,83.92,73.57,73.85,81.25,69.71,66.96,87.97,70.95,64.81,81.8,72.6,72.1,71.4,66.8,115.98
19:34,56.51,63.44,56.9,56.11,55.05,58.43,57.9,55.62,77.09,65.17,53.35,73.6,63.8,63.8,67.5,59.2,54.4,98.64,63.86,79.97,83.16,72.23,72.64,80.36,67.12,64.52,85.87,69.48,62.82,81.3,72.9,71.5,70,61,114.87
19:36,55.58,64.53,56.26,55.33,54.65,58.32,57.83,55.64,78.07,62.69,53.4,76.2,65.2,65.2,68.5,59.4,55.5,98.77,61.82,77,78.44,72.55,72.65,75.17,64.89,62.45,85.59,66.31,62.36,80.8,71.5,70.8,69.5,61.6,112.36
19:39,58.41,65.05,57.22,56.01,55.78,59.12,54.34,52.37,78.66,63.22,50.15,78.1,66.3,66.3,62.7,59.7,53.9,99.02,66.2,77.67,79.23,72.58,72.9,75.55,62.72,59.91,86.5,65.84,59.36,82.4,72,66.7,70.1,59.4,113.11
19:41,57.06,64.14,56.99,55.94,55.41,58.32,54.57,51.79,78.63,64.34,50.53,76.5,65.8,65.8,70.2,59.4,54.3,99.15,64.43,81.31,82.25,73.05,73.44,79.74,62.98,59.56,87.8,67.16,58.92,82,73,72.7,70.7,59.9,114.88
19:44,56.34,63.18,57.16,56.13,56.18,58.13,58.95,56.43,77.4,64.35,52.05,75.5,62.9,62.9,72.4,59.2,55.9,98.09,65.52,80.13,81.98,72.4,72.7,79.31,66.83,63.73,86.76,66.83,61.2,81,71.4,75.2,70.2,63,114.92
19:46,57.28,63.85,56.23,56.08,55.05,58,56.02,53.46,77.55,64.72,50.8,74.8,62.8,62.8,67.7,58,54.8,97.98,66.38,76.12,77.94,72.74,72.98,74.64,62.73,60.14,85.22,67.18,58.48,80,69.3,69.6,68.2,60.4,112.92
19:49,58.82,64.16,57.14,56.79,55.84,59.44,57.12,55.15,79.46,64.89,50.28,75.7,64.4,64.4,70.2,58.9,55,99.25,67.83,75.86,78.19,74.33,74.36,74.48,63.21,60.69,86.7,68.54,59.46,80.5,70.7,71.5,68.3,60.6,113.19
19:51,59.85,62.92,56.12,55.69,54.67,58.77,55.95,53.36,77.56,65.74,52.56,75.2,63.2,63.2,70,57.8,54.4,98.55,67.44,76.55,78.47,72.52,72.41,75.14,63.08,60.37,85.3,68.72,60.23,80.7,71.3,71.2,67.8,60.1,113.06
19:54,56.61,68.63,57.19,55.31,54.37,58.93,57.08,54.75,77.72,65.45,49.39,75.2,65.1,65.1,69.7,58.6,54.2,98.18,63.33,82.49,82.68,72.61,72.96,79.97,63.95,61.07,87.82,67.59,59.55,81.6,73.5,71.8,69.3,60.5,114.47
19:56,54.92,62.92,56.48,54.78,53.88,57.44,58.13,55.73,77.38,64.19,50.4,74,64.6,64.6,69.7,58.4,55.6,98.74,63.78,81.18,82.3,73.79,73.76,79.75,65.87,62.65,87.45,66.32,60.16,79.8,72.4,71.8,69.8,63.1,115.36
19:59,60.03,64.9,56.86,56.7,55.49,58.56,62.24,60.03,78.76,64.28,55.19,75,65.1,65.1,71.7,59.8,58.2,98.99,67.39,81.01,81.97,74.59,74.64,79.45,69.99,66.86,87.42,67.38,63.92,80.7,72.6,73.7,70.3,66.4,115.3
20:01,57.72,62.26,56.11,55.32,54.03,56.67,54.47,51.92,77.73,63.71,49.58,73.8,64.3,64.3,70,58.9,53.9,98.6,66.51,75.03,79.13,73.76,73.59,75.06,63.54,59.8,84.93,65.77,58.48,78.5,70.7,71.2,69.9,59.4,114.95
20:04,60.19,64.77,55.63,55.01,54.1,57.18,57.18,54.63,79.26,66.51,53.54,73.8,66,66,70.1,58.7,54.6,98.54,66.15,75.66,77.97,72.88,72.86,74.2,63.71,60.8,85.01,70.26,61.1,79.1,71.5,71.2,69.2,59.7,113.71
20:06,63.12,64.18,54.18,54.97,53.86,56.26,55.66,53.46,77.88,65.84,52.91,74.6,66.4,66.4,72.1,58.1,53.8,98.66,68.23,74.68,75.66,70.78,70.97,72.25,62.45,59.81,84.27,69.09,59.62,79.1,70.9,72.9,68.9,58.4,111.8
20:09,62.31,64.1,52.86,54.23,53.59,54.47,54.69,52.35,75.83,63.41,52.9,73.5,65.2,65.2,70.3,56.3,54.5,96.94,66.05,73.2,74.08,72.09,72.16,70.88,61.03,58.49,82.19,67.84,60.68,77.8,69.8,72.4,64.1,59.5,108.82
20:11,63.44,65.17,55.15,55.25,54.5,56.72,57.77,55.96,78.7,64.28,53.96,73.7,65.8,65.8,70.8,59.2,55.4,98.3,66.56,78.31,77.81,73.76,73.73,74.62,63.28,61.2,85.2,67.08,59.65,79.5,72.3,72.8,67.2,60.4,112.09
20:14,63.41,65.7,55.6,55.23,54.37,57.2,58.46,56.36,78.32,65.05,51.37,75.2,68.9,68.9,73.8,59.8,54.8,99.21,68.08,79.28,78.44,73.18,73.25,75.31,64.99,62.01,86.23,66.9,59.8,80.2,74.5,77,71.2,61.2,113.38
20:16,60.77,66.07,54.35,54.67,53.32,56.19,47.94,46.08,77.64,67.42,44.94,74.4,66.8,66.8,69.5,59.3,52.6,98.38,65.2,78.99,77.72,73.23,73.52,74.77,56.2,53.21,85.58,71.46,56.79,80.6,73.2,71.2,69.8,57.4,113.26
20:19,59.35,67.3,54.98,54.95,53.75,56.37,45.64,42.42,78.29,63.63,42.98,74.7,68.8,68.8,66.9,59.5,51.6,98.34,64.09,80.08,80.27,73.23,73.25,77.54,55.7,52.36,85.75,66.66,54.48,79.9,74.8,69,69.4,55.8,113.91
20:21,56.52,65.32,55.91,54.98,54.38,56.74,46.42,44.7,76.77,63.46,48.33,74.6,69.2,69.2,66.3,59.3,52,98.21,64.08,82.53,83.23,73.91,74.14,80.78,53.75,52.22,86.32,65.87,56.58,80.3,75.2,69.7,71.8,56.5,114.96
20:24,57.4,63.84,56.43,54.52,53.95,56.75,52.03,46.8,75.7,64.71,42.74,72.1,66,66,66.6,59.1,52,97.65,63.78,82.46,82.91,73.19,73.49,80.64,56.22,53.15,86.21,66.58,55.47,79,74.8,70,71.1,56.7,115.77
20:26,56.54,63.17,54.96,55.34,53.7,56.73,50.04,45.75,77.17,64.79,49.95,72.2,65.4,65.4,68.4,58.5,51.9,97.86,62.24,77.2,78.84,72.36,72.46,76.01,55.52,52.57,83.91,66.56,56.44,77.6,71.7,69.7,68.7,54.8,114.48
20:29,57.27,64,56.4,56.5,55.26,57.88,48.62,44.8,78.13,65.67,50.88,73.2,66.3,66.3,69.9,59.5,52.1,98.14,66.24,77.86,79.43,74.75,74.86,76.4,57.37,55.05,85.1,68.74,57.77,78.6,72.7,71.1,70.4,55.9,111.79
20:31,59.23,65.67,54.41,55.07,53.94,56.48,47.41,43.03,77.48,64.17,50.47,74.5,68.2,68.2,68.1,59,52.1,98.47,65.35,76.08,77.07,72.74,72.71,73.72,56.05,54.63,83.39,67.73,56.5,79.4,73.6,69.6,68.8,54.6,111.32
20:34,58.05,64.9,54.64,55.2,54.3,55.67,47.19,44.28,76.81,63.28,48.99,72.8,66.7,66.7,69,57.7,52,98.14,62.81,78.28,78.41,74.21,74.31,75.07,54.69,51.58,83.75,65.6,56.18,79.5,73.4,70.5,67.3,54.8,112.15
20:36,54.7,64.32,54.83,54.6,54.37,55.71,47.63,45.51,76.15,65.3,51.79,72.8,66,66,70.9,57.9,51.8,96.98,64.14,78.07,79.86,73.21,73.17,76.79,54.05,51.12,83.86,67.78,57.03,78.4,72.8,72.3,68,54.5,112.53
20:39,52.72,63.18,53.65,54.91,54.19,55.24,48.29,45.2,77.34,61.95,49.06,73.9,65.7,65.7,71,59.3,51.2,97.06,61.36,79.06,78.42,73.52,73.54,75.57,56.33,52.78,84.16,65.17,54.81,79.8,72.5,72.3,69.7,54.1,112.51
20:41,54.78,62.86,55.56,55.68,54.89,57,49.1,46.57,76.84,64.36,50.53,73.6,64.6,64.6,64.4,58.6,51.4,97.33,61.67,79.21,80.69,73.92,74.11,78.09,54.27,51.89,85.59,67.56,56.77,79.4,71.9,67.5,70.1,54.2,113.28
20:44,54.82,63.27,56.37,55.48,54.54,57.7,48.42,46.96,79.24,65.89,49.69,74.7,65.4,65.4,66.7,59.4,51.9,97.61,65.22,81.17,82.23,74.95,75.14,79.88,56.42,53.53,87.02,69.54,55.89,80.5,73.3,69.6,70.8,55.4,114.6
20:46,54.79,65.32,57.22,56.29,55.76,58.01,48.57,45.14,77.9,64.34,47.87,73.6,68.3,68.3,65.7,59.5,51.6,98.3,62.14,81.74,81.94,76.02,76.16,79.35,54.45,52.55,88,67.15,55.68,80.5,74.8,68.9,71.9,55,115.73
20:49,55.66,63.79,56.04,55.87,55.25,56.7,53.5,57.17,77.48,66.61,42.18,74.3,68.3,68.3,66.8,60.8,51,98.3,64.85,81.1,81.22,75.44,75.54,78.66,57.55,57.4,86.86,69.21,53.27,80.7,75.4,69.8,72,53.4,115.87
20:51,57.46,63.91,58.54,55.97,55.18,59.73,51.1,52.48,76.5,65.22,51.25,74.5,67,67,69,59.2,52.3,97.72,68.31,79.86,80.65,74.49,74.71,77.8,59.07,59.11,85.42,67.83,58.97,82.2,74.6,72.5,70.4,58.7,114.77
20:54,54.95,65.46,55.74,56.06,55.26,56.95,51.07,47.27,76.95,63.88,47.63,73.7,66.4,66.4,68.5,61.4,51.3,97.89,62.18,78.2,78.43,74.78,74.96,75,53.44,51.28,84.69,66.46,54.52,80.7,73.1,70.5,73,54.3,113.08
20:56,56.84,65.27,56.95,56.49,55.75,57.84,47.55,44.3,78.76,65.12,49.56,74.8,66.9,66.9,70.5,60.3,51.5,98.27,63.91,77,78.67,75.43,75.6,74.78,56.43,54.66,85.83,69.65,57.11,80.2,72.9,71.6,70.3,55.5,112.72
20:59,57.3,65.9,55.43,55.41,54.76,57.1,54.04,50.16,79,65.35,51.57,75.2,67.5,67.5,70.3,60,51.3,98.87,63.62,77.45,77.93,74.19,74.15,74.19,58.02,54.61,86.1,67.65,57.9,80.8,73.5,71.2,70.1,54.9,113.09
21:01,57.2,64.7,55.05,56.17,55.26,57.57,50.35,49.15,77.7,66.66,54.05,73.5,66.2,66.2,69.5,58.8,52.3,99.04,63.69,76.03,76.99,73.61,73.47,73.88,59.72,58.72,83.74,72.32,60.79,79.8,72.5,70.6,69,58.6,111.57
21:04,61.49,64.55,54.77,55.73,54.95,57.2,51.01,49.62,78.7,66.31,52.23,72.7,66.4,66.4,67.9,59.4,52.6,98.38,66.44,75.47,75.79,71.46,71.66,73.03,61.16,60.87,84.52,71.32,60.84,78.5,72.8,70.1,69.6,60.2,108.65
21:06,60.92,63.38,54.48,55.94,55.1,56.06,52.64,50.02,77.94,65.1,52.61,73.1,66.4,66.4,68.4,57.8,52.7,98.28,64.94,74.55,75.9,73.95,73.69,72.32,61.48,60.33,83.29,67.9,60.63,77.8,72.2,70.2,66.5,60,109.01
21:09,60.66,65.55,57.05,57.67,56.27,58.44,50.34,47.74,79.5,66.27,47.71,75.7,68.3,68.3,67.4,60.7,52.3,99.72,65.65,77.81,80.01,75.93,75.82,76.52,59.75,58.78,86.44,68.55,57.97,81.4,74.9,69.3,70.7,59.3,112.58
21:11,60.15,66.79,57.69,57.1,56.64,59.02,48.95,46.69,78.67,68.09,48.3,76,68.6,68.6,69.4,60.7,52.4,100.29,63.91,79.15,80.38,76.6,76.67,76.81,59.45,57.76,87.19,68.69,57.27,82.5,75.2,70.9,72.1,58,113.75
21:14,63.16,67.02,59.41,57.53,57.55,59.25,50.96,48.27,78.52,69.8,53.22,76.9,71.2,71.2,67,61.5,53.3,99.66,66.51,81.18,82.09,77.24,77.29,77.91,63.16,61.08,89.86,71,61.26,84.3,77.8,70.4,74.7,62.5,114.71
21:16,60.98,64.87,58.01,58.12,57.51,59.29,50.62,49.43,79.33,69.01,50.87,76.2,68,68,70.2,63.1,52.5,99.95,67.29,81.89,81.76,76.03,76.16,78.26,62.72,62.44,88.22,70.03,60.46,83.1,75.8,72.3,74.9,61,115.67
21:19,59.39,66.81,58.32,57.19,56.12,59.5,50.59,48.56,80.44,67.95,51.49,77.3,68.6,68.6,68.5,61.6,52.7,100.93,63.81,80.48,80.85,76.44,76.36,77.35,60.71,59.19,87.68,69.62,59.79,82.7,74.8,70.5,72.6,60,114.35
21:21,60.44,65.84,56.64,56.42,55.17,58.64,49.75,45.99,78.67,68.67,49.04,76.5,66.6,66.6,66.3,59.5,53.1,100.49,67.5,76.87,78.76,75.02,74.93,75.01,61.77,59.92,85.11,69.21,59.97,81,72.5,68.2,68.8,62.5,112.79
21:24,57.99,64.54,56.53,55.29,54.32,57.57,52.52,48.58,80.08,68.6,51.38,75.5,66.6,66.6,67.2,60.4,52.6,99.19,66,80.18,80.67,73.93,73.81,77.8,60.73,58.95,87.03,70.12,60.02,81.3,73.2,70,70.3,59.6,113.65
21:26,57.64,64.97,56.44,57.71,55.27,58.35,51.25,50.19,78.12,64.63,50.49,75,68.1,68.1,66.9,58.8,52.7,98.5,64.64,79.55,79.68,73.89,73.94,76.82,60.67,59.47,85.58,67.41,60.41,80.8,73.9,70.3,69.2,59.6,113.63
21:29,58.08,65.18,55.14,55.43,54.87,57.38,51.26,50.19,78.82,66.07,50.63,74.5,66.2,66.2,67.6,59.3,52.8,98.47,67.74,73.4,74.82,72.86,73.15,71.71,62.62,60.73,84.7,68.76,62,79.4,72.5,69.6,68.7,62.1,111.28
21:31,59.01,67.43,55.75,55.53,54.54,57.91,51.46,48.58,79.04,66.85,46.85,76.6,68.7,68.7,65.8,60.4,52,99.91,66.26,78.23,78.07,73.29,73.08,74.86,58.76,57.26,87.36,68.79,57.85,82.7,74.9,67.7,71.4,57.4,111.99
21:34,60.75,67.08,56.22,55.84,54.21,58.3,52.28,50.72,79.66,65,48.51,75.9,68.5,68.5,69.3,59,51.3,100.31,67.41,77.74,78.33,73.1,73.1,74.88,58.37,57.04,86.11,69.1,57.01,81.6,74.2,70.9,69.5,55.4,112.83
21:36,60.66,67.64,58.79,56.91,55.6,60.88,53.95,51.79,78.96,64.12,51.01,75.7,69.6,69.6,70.4,61.4,53.5,99.56,68.03,78.17,78.02,73.29,73.31,75.05,61,58.79,85.33,67,59.49,81.8,75.1,71.6,73.4,59.7,111.68
21:39,58.85,67.37,56.77,55.71,54.85,58.31,51.42,50.33,78.73,62.14,49.68,75.1,69.4,69.4,70.9,61.5,53.6,99.58,67.25,77.86,78.45,73.82,73.56,75.21,61.61,60.41,86.03,65.68,60.65,81.3,75.2,72,73.4,62.1,111.96
21:41,55.05,69.08,57.95,57.21,55.69,59.88,57.72,50.69,81.56,64.96,52.7,76.4,70.4,70.4,68.9,63.4,52.8,100.67,62.91,82.26,81.95,74.81,74.75,78.9,60.82,58.22,87.52,68.33,59.61,82.6,76.8,70.7,74.1,59.4,114.31
21:44,57.25,67.34,58.11,57.61,56.51,59.06,56.3,50.51,78.76,65.89,51.48,73.9,70.1,70.1,70.7,61.2,53.4,100.56,65.06,79.63,81.21,77.05,76.76,77.41,61.93,60.06,86.3,70.61,61.27,80.1,75.9,72.2,72.3,61.9,114.79
21:46,54.39,66.38,56.99,57.27,55.73,58.07,56.1,58.13,78.19,63.82,52.82,74,69.1,69.1,70.8,58.7,53.2,99.12,63.25,77.35,79.98,75.26,75.17,76.27,62.98,62,84.56,66.99,61.21,79.5,74.6,72.2,69.1,62,112.56
21:49,57.19,66.92,57.43,57.8,56.27,58.86,52.72,51.3,79.09,69.1,53.11,74.2,68,68,66.5,59.2,53.4,99.45,65.96,76.61,79.15,75.13,75.01,75.59,62.36,60.6,84.67,75.32,63.43,79.7,73.6,68.4,67.9,61.9,112.02
21:51,56.44,67.23,57.19,57.06,55.75,59.03,48.83,47.27,79.77,67.03,50.65,75.1,69.8,69.8,68.8,59.7,52.5,100.2,65.53,80.2,80.33,75.05,75.05,77.15,58.23,57.05,85.99,67.92,58.63,81.7,76,70.8,69.2,59.9,112.89
21:54,56.39,66.04,56.23,56.94,56.08,58.03,49.98,47.83,78.94,63.43,51.24,74.5,69.7,69.7,69.7,61.4,52,99.54,66.38,80.55,79.69,75.59,75.53,76.33,57.85,56.73,85.6,64.68,57.2,80.7,75.7,71,71.8,57.4,113.2
21:56,58.95,65.04,58.62,58.46,58.67,59.29,55.39,53.66,77.73,64.94,55.22,72.6,68,68,70.7,59.1,57.2,98.38,67.67,78.85,79.71,76.36,76.47,76.33,67.22,65.59,83.93,71.1,66.45,79.2,74.6,73.1,68.9,68.5,112.84
21:59,58.06,64.39,58.22,57.44,56.88,58.62,51.82,49.92,77.46,65.63,51.4,74.6,67.9,67.9,67.4,59.2,55.4,98.17,69.58,77.9,80.25,74.76,74.93,76.75,66.44,66.28,83.69,71.58,65.6,80.6,74.3,71.2,70,68,112.95
22:01,55.95,63.86,56.82,56.56,55.26,57.53,53.08,51.94,76.81,66.41,52.46,72.5,66.6,66.6,71.1,58.8,53.8,97.63,69.18,76.12,78.58,73.61,73.56,75.06,63.92,63.05,82.75,68.44,61.81,78.2,72.6,75,68.6,62.8,112.05
22:04,54.64,64.9,59.1,56.11,55.55,59.07,46.85,43.7,77.1,66.56,50.21,74.8,72.2,72.2,68.4,60.1,51.9,97.82,66.36,85.46,87.15,75.43,75.67,84.29,57.75,56.44,90.86,68.18,56.47,84.4,78.8,72.6,72.7,59,117.64
22:06,54.7,64.99,57.36,55.31,54.56,58.22,50.05,47.62,77.98,66.03,54.73,74.5,68.5,68.5,69,60,53,99.16,64.68,81.28,83.13,73.47,73.7,80.08,59.7,58.23,88.33,67.32,60.65,81.8,76,71.5,70.3,60.4,118.17
22:09,55.29,64.43,56.74,54.26,53.44,57.13,47.1,45.04,77.42,67.58,53.14,74.2,69.2,69.2,67.6,58.7,52,98.46,63.96,81.81,82.45,73.8,74.08,79.74,54.74,53.67,87.63,68.36,56.3,80.7,75.5,70.6,70.3,56.3,115.37
22:11,58.56,64.59,55.55,54.25,53.5,56.47,48.8,43.93,75.27,67.18,52.91,73,67.7,67.7,69.5,58.4,51.9,96.74,65.62,79.35,80.49,73.68,73.7,77.64,55.58,52.97,84.68,68.84,57.31,79,73.5,71.7,70,55.8,115.46
22:14,57.41,63.64,55.86,54.88,54.1,56.9,50.71,46.34,77.26,67.61,52.16,73.8,66.4,66.4,68.8,59.7,51.3,96.63,67.71,76.23,77.87,72.81,73.09,73.94,55.94,53.89,84.3,71.06,56.48,79.5,72.4,71,70.6,55.1,113.7
22:16,55.51,64.91,55.9,56.1,54.71,57.78,50.16,46.26,78.14,67.93,52.43,73.5,68.1,68.1,71.3,60.8,51.2,97.38,63.74,77.95,79.29,72.02,72.32,76.24,56.07,54.15,85.1,70.96,57.39,79.5,74,72.9,71.9,54.7,113.39
22:19,54.15,66.48,57.58,56,54.81,58.86,45.66,41.69,78.69,67.05,44.06,74,68.2,68.2,71,60.9,51.6,98.33,59.85,79,80.38,73.22,73.48,77.14,54.74,52.51,86.18,68.16,54.05,79.1,73.7,72.2,72.4,55.7,113.69
22:21,57.36,69,80.92,72.59,74.4,81.72,45.95,43.8,78.63,66.86,55.21,76.4,75,75,70.2,64.1,54.3,98.26,65.22,78.55,85.86,78.88,78.88,86.29,55.14,53.04,86.16,67.93,60.75,81.4,79.1,73.8,77.2,59.7,114.31
22:24,58.95,65.66,56.82,56.83,55.16,58.34,45.78,41.79,77.75,66.02,41.32,74.3,67.4,67.4,67.6,60.4,51.1,98.04,66.09,78.1,79.92,73.62,73.76,76.46,54.6,52.06,85.63,65.88,52.38,80.5,73.3,69.8,70,55.3,114.35
22:26,54.04,64.53,55.35,55.89,54.02,57.57,47.39,45.25,76.72,66.12,43.24,73,67.2,67.2,68.6,57.9,51.5,97.78,60.24,73.87,75.11,71.65,71.81,71.45,55.9,54.34,83.01,66.64,54.48,78,71.9,69.6,68.3,56.2,112.56
22:29,54.32,64.89,57.07,56.02,55.05,57.98,45.78,42.12,76.84,67.56,47.42,73.1,68.1,68.1,65,59.7,51,97.37,62.18,79.19,81.85,74.16,74.42,78.64,54.77,53.01,86.42,69.87,56.5,79.3,73.8,68.7,69.9,55.2,114.05
22:31,54.65,67.71,78.37,70.65,72.81,79.74,46.25,43.25,80.69,64.42,51.08,75,71.6,71.6,67.9,60.7,60.2,98.2,67.78,78.82,83.76,77.31,77.56,83.74,54.95,52.71,86.6,67.44,57.83,79.9,75.8,71.1,69.4,65.4,115.05
22:34,56.19,63.63,56.38,55.58,54.32,57.74,44.37,40.53,76.85,62.53,40.75,72.3,65.1,65.1,70,57.4,50.7,98.09,63.83,81.16,82.76,73.72,73.92,80.05,54.27,51.99,87.56,64.77,53.07,80.2,74.8,72.4,68.2,55.3,115.59
22:36,55.77,64.14,55.85,55.74,53.57,57.92,45.6,42.11,77.26,64.5,49.9,71.8,65.8,65.8,69.5,56.9,51.1,97.19,62.78,77.16,78.89,73.01,73.08,75.48,54.37,52.14,84.79,67.14,56.98,78.1,74.7,70.8,64.6,55.2,115.35
22:39,51.93,69.53,80.86,71.59,73.62,82.07,48.33,44.73,79.33,63.91,54.29,75.9,74.4,74.4,69.7,62.5,56.5,97.7,58.73,78.84,85.78,77.95,77.91,86.6,57.18,53.7,85.72,66.23,58.49,80.6,78.6,72.8,69.9,62.4,113.55
22:41,55.08,66.63,56.85,57.42,55.96,58.41,49.41,45.6,77.42,62.86,50.86,74.3,69.6,69.6,66.4,60.3,57.3,98.38,62.09,78.48,80.03,74.61,74.8,76.37,57.65,54.82,85.24,66.28,57.29,79.6,74.7,68.9,69.9,59.3,114.39
22:44,54.95,66.74,57.2,57.19,55.25,59.05,49.21,45.3,78.59,59.97,51.29,74,67.9,67.9,69.5,59.1,51.7,99.05,65.63,77.88,79.92,74.13,74.19,76.3,58.07,55.8,85.32,63.9,57.86,80,73.8,70.9,67.6,56.9,114.21
22:46,56.25,69.4,80.45,71.18,70.9,80.89,49.55,45.32,81.33,64.65,52.06,76.8,74.6,74.6,68.2,62.2,58.3,100.11,65.01,76.75,84.89,77.6,76.85,84.96,57.94,54.85,86.09,67.58,58.46,81.3,78.4,71.8,68.4,64.6,113.56
22:49,47.79,64.03,56.12,55.86,54.43,57.91,47.57,43.59,76.52,66.4,49.76,71.7,66.5,66.5,70.6,56.4,51.3,99.07,56.88,74.89,78.06,72.81,73.11,73.69,56.44,53.51,83.51,72.52,57.86,77.1,72.1,71.6,64.8,55.2,112.64
22:51,49.16,68.99,81.25,73.16,74.64,82.32,47.83,43.74,78.98,64.11,51.38,75.5,73.6,73.6,71.6,57.9,56.3,97.69,61.7,78.16,86,78.91,78.68,86.87,56.24,53.17,85.78,66.79,58.23,80.5,77.7,74,66.5,62.7,112.72
22:54,61.37,72.01,83.82,75.31,76.55,84.76,49.23,44.74,79.96,64.81,52.95,78.8,78.2,78.2,73.1,61.9,59.7,98.58,68.83,82.36,88.72,81,80.79,89.19,58.32,55.7,87.7,67.76,60.04,83.5,82,77,70,66.2,115.67
22:56,51.56,70.77,81.62,73.44,74.06,82.13,47.28,43.41,80.3,65.21,53.18,77.6,76.5,76.5,71.2,60.4,56.7,99.03,60.99,79.03,85.95,79.12,78.7,86.23,56.47,54.79,86.72,68.58,59.77,82.7,80.3,74.5,68,62.9,115.92
22:59,53.77,73.12,85.68,76.49,79.02,86.72,48.43,44.8,81.2,65.37,61.14,78.7,78,78,72.4,61.3,63.1,99.45,62.85,80.9,89.67,81.35,81.82,90.74,57.31,54.93,87.81,69.87,64.98,83.1,81.6,76.9,68.7,69.2,114.34
23:01,56.62,69.79,81.82,74.92,76.13,82.94,48.43,45.72,80.88,63.76,60.86,76.9,73.7,73.7,70.2,59.8,59.8,99.85,63.83,80.03,87.11,79.4,79.15,87.41,56.65,54.58,87.23,67.32,65.26,81.8,78,74.2,67.2,65.7,114.21
23:04,58.23,62.43,50.72,51.59,48.98,53.17,44.86,40.92,70.63,62.28,44.22,68.4,61.2,61.2,69.4,53.2,51,99.85,65.61,70.99,67.38,62.93,62.99,64.42,53.76,51.74,75.46,65,54.13,73.1,69.3,70.3,61.3,54.1,114.21
23:06,54.02,65.64,46.98,48.45,46.34,49.47,45.69,42.24,65.09,61.51,50.72,67.2,61.6,61.6,70.8,51.3,51.1,99.85,62.62,73.62,62.44,58.71,58.66,60.19,54.47,52.22,69.45,64.3,57.18,72.1,70.4,71.8,58.6,54.4,114.21
23:09,53.59,70.2,45.52,48.56,46.13,47.89,45.05,40.83,68.49,61.31,43.03,65.9,59.3,59.3,69.8,54.2,50.8,99.85,62.86,72.54,61.56,58.82,58.88,59.36,54.78,52.23,71.78,64.7,54.88,71.5,68.4,70.8,62,54,114.21
23:11,51.34,73.98,46.66,48.64,46.37,50.15,44.7,41.34,68.94,63.88,48.72,65.8,60.2,60.2,69.9,54.1,50.8,99.85,59.94,74.65,62.11,59.48,59.69,60.53,54.26,52.71,73.1,67.4,56.66,70.9,70.7,71,60.5,54.3,114.21
23:14,52.36,64.58,45.24,48.62,46.33,49.08,45.58,41.39,69.5,63.89,43.84,64,65.1,65.1,68.9,52.5,50.9,99.85,59.78,71.02,62.89,60.17,60.62,61.19,54.9,52.58,72.99,66.96,54.75,70.9,71.6,70,61.4,54.9,114.21
23:16,51.93,65.47,45.12,49.54,46.96,48.22,46.76,42.74,67.99,62.74,52.4,65.5,61,61,69,51.8,51,99.85,59.04,71.17,63.61,61.53,61.8,61.63,55.39,53.24,72.57,66.55,57.4,72.4,70.8,69.8,61.8,54.8,114.21
23:19,49.98,65.61,56.52,50.36,48.14,57.94,46.32,42.16,71.36,63,44.34,66.4,61.3,61.3,71.4,51.5,51.6,99.85,56.16,72.82,63.88,61.57,61.68,62.43,56.01,52.65,74.91,66.4,54.5,73.5,70.9,72.1,58.2,55.7,114.21
23:21,48.23,70.59,57.51,50.11,47.91,59.04,46,42.37,71.59,63.32,44.12,68,61.4,61.4,72.4,50.9,51.1,99.85,56.49,75.36,64.65,61.63,61.89,63.33,55.67,53.01,74.8,66.34,54.58,74,71.3,73,58.8,55.4,114.21
23:24,47.4,67.47,47.88,50.76,49.42,50.7,47.69,46.47,72.94,64.83,49.35,67.5,74.5,74.5,66.1,53.1,51.4,99.85,55.94,73.86,64.31,62.54,63.35,62.36,58.61,58.6,75.74,68.11,58.44,73.9,76,67.3,60.3,57.3,114.21
23:26,54.42,68.98,49.97,51.94,50.94,52.31,49.88,48.44,72.74,64.76,52.37,68.1,64.2,64.2,69,53,52.2,99.85,61.21,74.99,65.72,63.07,63.9,63.95,60.57,59.91,76.43,68.72,60.63,74.4,71,70,61.5,59.8,114.21
23:29,53.34,78.54,47.41,50,47.09,50.81,44.18,40.25,68.73,63.43,44.93,66.8,61.7,61.7,71.8,53.2,51.3,99.85,58.16,88.74,66.11,61.23,61.55,63.82,53.95,51.94,73.35,66.73,53.86,74.5,70,72.5,59.4,55.1,114.21
23:31,54.65,18.05,47.04,49.7,47.13,50.37,43.64,39.23,67.63,62.86,42.99,67,63.4,63.4,67.1,54.7,50.8,99.85,61.28,16.95,66.39,61.85,62.2,64.04,55.58,54.29,73.23,65.57,55.11,73.6,70.5,67.9,61.1,54.3,114.21
23:34,53.54,87.59,51.54,49.75,47.22,53.75,43.58,40.4,62.58,63.85,43.36,67.2,64.1,64.1,69.9,54.5,50.7,99.85,63.45,95.59,65.71,61.38,61.62,63.6,54.83,53.67,71.55,68.93,54.72,73.8,71.5,70.9,61,54.1,114.21
23:36,54.44,88.3,49.03,50.01,47.35,51.8,44.33,41.62,65.89,64.41,51.47,67.1,62.4,62.4,71.2,51.9,50.9,99.85,61.07,95.75,65.67,62.5,62.8,63.44,60.32,60.82,74.06,69.38,61.33,74,71.1,72.3,61.2,56.1,114.21
23:39,53,67.45,47.8,51.54,49.84,51.39,45.81,43.97,65.92,63.67,52.13,66.9,61.1,61.1,68.8,54.3,50.9,99.85,60.57,72.15,66.05,63.44,63.28,63.64,55.13,54.58,74.18,66.19,58.36,73.9,71.5,70.6,60.9,54.9,114.21
23:41,55.33,71.91,52.03,49.23,46.77,53.76,45.72,41.46,63.65,63.05,45.67,68.4,61,61,68.2,55.6,50.8,99.85,65.58,73.96,65.92,62.51,62.71,63.49,55.15,53.78,71.17,66.48,54.38,73.3,71.7,69.6,61.4,55.1,114.21
23:44,50.31,63.54,49.46,48.99,46.36,51.6,44.33,40.54,64.36,64.53,51.1,67,61.6,61.6,67.7,51.3,50.9,99.85,59.5,70.74,63.86,61.68,62.03,61.57,54.78,53.26,71.27,68.14,57.58,72.4,71.3,69.2,60.4,55.4,114.21
23:46,49.55,62.9,48.23,48.64,45.73,50.76,46.76,42.81,64.38,62.4,48.34,64.5,60.1,60.1,66.5,50.6,50.8,99.85,59.66,70.22,64.66,60.65,61.06,62.16,54.94,53.17,70.53,66.29,55.41,71.6,71.2,67.6,59,54.9,114.21
23:49,50.73,61.67,58.65,48.32,45.75,59.94,45.48,42.44,62.54,62.59,49.13,66.6,60.5,60.5,68.5,53.6,50.8,99.85,55.99,70.91,66.14,61.17,61.78,64.41,56.13,55.36,69.93,66.83,57.2,71.8,72.8,69.4,60.7,55.4,114.21
23:51,51.88,59.35,59.06,49.32,46.56,60.43,44.46,40.43,59.38,64.47,49.77,64.5,59.3,59.3,68.5,53.4,51.1,99.85,60.41,70.83,67.15,61.69,62.08,65.1,56.5,55.59,69.06,67.75,58.02,71.1,71.6,69.7,61,56.4,114.21
23:54,53.54,60.11,48.13,49.21,46.66,51.73,45.9,40.55,60.32,63.44,43.64,63,59.4,59.4,69.3,57,51.1,99.85,60.21,71.38,65.72,62.24,62.85,63.3,56.66,54.25,69.77,66.59,54.31,71.1,73.1,70,62.3,56.4,114.21
23:56,52,64.85,48.94,49.2,46.51,51.87,44.56,40.32,64.02,62.34,48.53,65.1,59.9,59.9,69,54.2,50.9,99.85,57.76,72.36,65.46,61.93,62.32,63.1,54.63,52.84,72.32,66.43,56.05,71.3,74.5,69.7,61.1,55.2,114.21
